indexcode,tradedate,price
000905.SH,2005-01-04,986.927
000905.SH,2005-01-05,1003.633
000905.SH,2005-01-06,994.595
000905.SH,2005-01-07,997.606
000905.SH,2005-01-10,1006.337
000905.SH,2005-01-11,1008.343
000905.SH,2005-01-12,1008.62
000905.SH,2005-01-13,1013.07
000905.SH,2005-01-14,1000.169
000905.SH,2005-01-17,977.522
000905.SH,2005-01-18,991.419
000905.SH,2005-01-19,986.241
000905.SH,2005-01-20,972.463
000905.SH,2005-01-21,988.519
000905.SH,2005-01-24,1008.175
000905.SH,2005-01-25,999.553
000905.SH,2005-01-26,987.955
000905.SH,2005-01-27,971.373
000905.SH,2005-01-28,952.413
000905.SH,2005-01-31,922.653
000905.SH,2005-02-01,913.331
000905.SH,2005-02-02,964.243
000905.SH,2005-02-03,945.312
000905.SH,2005-02-04,962.028
000905.SH,2005-02-16,972.337
000905.SH,2005-02-17,977.272
000905.SH,2005-02-18,964.769
000905.SH,2005-02-21,981.819
000905.SH,2005-02-22,1007.688
000905.SH,2005-02-23,1019.258
000905.SH,2005-02-24,1024.446
000905.SH,2005-02-25,1024.118
000905.SH,2005-02-28,1020.847
000905.SH,2005-03-01,1021.162
000905.SH,2005-03-02,1006.148
000905.SH,2005-03-03,1011.288
000905.SH,2005-03-04,1003.21
000905.SH,2005-03-07,1006.953
000905.SH,2005-03-08,1029.457
000905.SH,2005-03-09,1032.55
000905.SH,2005-03-10,1005.545
000905.SH,2005-03-11,1009.434
000905.SH,2005-03-14,1007.766
000905.SH,2005-03-15,993.831
000905.SH,2005-03-16,983.916
000905.SH,2005-03-17,970.966
000905.SH,2005-03-18,949.509
000905.SH,2005-03-21,949.553
000905.SH,2005-03-22,922.564
000905.SH,2005-03-23,923.194
000905.SH,2005-03-24,933.347
000905.SH,2005-03-25,931.417
000905.SH,2005-03-28,922.923
000905.SH,2005-03-29,916.811
000905.SH,2005-03-30,888.949
000905.SH,2005-03-31,896.068
000905.SH,2005-04-01,927.546
000905.SH,2005-04-04,909.87
000905.SH,2005-04-05,901.744
000905.SH,2005-04-06,918.557
000905.SH,2005-04-07,932.333
000905.SH,2005-04-08,949.457
000905.SH,2005-04-11,948.509
000905.SH,2005-04-12,927.41
000905.SH,2005-04-13,950.229
000905.SH,2005-04-14,935.425
000905.SH,2005-04-15,913.271
000905.SH,2005-04-18,901.118
000905.SH,2005-04-19,902.785
000905.SH,2005-04-20,884.083
000905.SH,2005-04-21,867.328
000905.SH,2005-04-22,857.401
000905.SH,2005-04-25,841.058
000905.SH,2005-04-26,855.24
000905.SH,2005-04-27,839.953
000905.SH,2005-04-28,860.616
000905.SH,2005-04-29,847.611
000905.SH,2005-05-09,818.399
000905.SH,2005-05-10,818.088
000905.SH,2005-05-11,811.57
000905.SH,2005-05-12,807.51
000905.SH,2005-05-13,814.878
000905.SH,2005-05-16,808.171
000905.SH,2005-05-17,818.455
000905.SH,2005-05-18,824.643
000905.SH,2005-05-19,824.94
000905.SH,2005-05-20,819.13
000905.SH,2005-05-23,793.724
000905.SH,2005-05-24,808.743
000905.SH,2005-05-25,809.697
000905.SH,2005-05-26,799.024
000905.SH,2005-05-27,790.998
000905.SH,2005-05-30,797.532
000905.SH,2005-05-31,796.872
000905.SH,2005-06-01,778.673
000905.SH,2005-06-02,769.421
000905.SH,2005-06-03,765.967
000905.SH,2005-06-06,778.21
000905.SH,2005-06-07,779.844
000905.SH,2005-06-08,841.36
000905.SH,2005-06-09,849.725
000905.SH,2005-06-10,831.605
000905.SH,2005-06-13,834.252
000905.SH,2005-06-14,818.191
000905.SH,2005-06-15,796.26
000905.SH,2005-06-16,803.945
000905.SH,2005-06-17,800.137
000905.SH,2005-06-20,823.733
000905.SH,2005-06-21,816.197
000905.SH,2005-06-22,818.647
000905.SH,2005-06-23,809.347
000905.SH,2005-06-24,813.203
000905.SH,2005-06-27,834.346
000905.SH,2005-06-28,819.046
000905.SH,2005-06-29,814.064
000905.SH,2005-06-30,791.502
000905.SH,2005-07-01,760.352
000905.SH,2005-07-04,749.483
000905.SH,2005-07-05,744.595
000905.SH,2005-07-06,743.444
000905.SH,2005-07-07,747.418
000905.SH,2005-07-08,722.854
000905.SH,2005-07-11,714.475
000905.SH,2005-07-12,739.534
000905.SH,2005-07-13,732.443
000905.SH,2005-07-14,732.544
000905.SH,2005-07-15,714.488
000905.SH,2005-07-18,696.848
000905.SH,2005-07-19,703.066
000905.SH,2005-07-20,707.293
000905.SH,2005-07-21,704.788
000905.SH,2005-07-22,721.445
000905.SH,2005-07-25,718.867
000905.SH,2005-07-26,735.861
000905.SH,2005-07-27,750.015
000905.SH,2005-07-28,747.23
000905.SH,2005-07-29,744.825
000905.SH,2005-08-01,750.488
000905.SH,2005-08-02,763.29
000905.SH,2005-08-03,769.752
000905.SH,2005-08-04,765.262
000905.SH,2005-08-05,787.819
000905.SH,2005-08-08,800.117
000905.SH,2005-08-09,814.186
000905.SH,2005-08-10,823.839
000905.SH,2005-08-11,832.841
000905.SH,2005-08-12,816.386
000905.SH,2005-08-15,839.667
000905.SH,2005-08-16,839.264
000905.SH,2005-08-17,854.526
000905.SH,2005-08-18,820.664
000905.SH,2005-08-19,820.869
000905.SH,2005-08-22,831.496
000905.SH,2005-08-23,816.914
000905.SH,2005-08-24,826.716
000905.SH,2005-08-25,836.418
000905.SH,2005-08-26,840.431
000905.SH,2005-08-29,832.248
000905.SH,2005-08-30,827.55
000905.SH,2005-08-31,845.142
000905.SH,2005-09-01,865.405
000905.SH,2005-09-02,872.485
000905.SH,2005-09-05,884.29
000905.SH,2005-09-06,862.491
000905.SH,2005-09-07,888.125
000905.SH,2005-09-08,889.69
000905.SH,2005-09-09,879.503
000905.SH,2005-09-12,883.561
000905.SH,2005-09-13,904.311
000905.SH,2005-09-14,914.983
000905.SH,2005-09-15,918.505
000905.SH,2005-09-16,917.638
000905.SH,2005-09-19,930.489
000905.SH,2005-09-20,924.16
000905.SH,2005-09-21,909.787
000905.SH,2005-09-22,880.013
000905.SH,2005-09-23,868.549
000905.SH,2005-09-26,874.84
000905.SH,2005-09-27,856.958
000905.SH,2005-09-28,852.359
000905.SH,2005-09-29,871.291
000905.SH,2005-09-30,869.509
000905.SH,2005-10-10,858.748
000905.SH,2005-10-11,878.623
000905.SH,2005-10-12,887.711
000905.SH,2005-10-13,883.45
000905.SH,2005-10-14,876.053
000905.SH,2005-10-17,878.757
000905.SH,2005-10-18,893.699
000905.SH,2005-10-19,886.314
000905.SH,2005-10-20,886.551
000905.SH,2005-10-21,895.027
000905.SH,2005-10-24,897.757
000905.SH,2005-10-25,877.577
000905.SH,2005-10-26,854.028
000905.SH,2005-10-27,847.593
000905.SH,2005-10-28,825.063
000905.SH,2005-10-31,828.659
000905.SH,2005-11-01,823.328
000905.SH,2005-11-02,840.316
000905.SH,2005-11-03,828.906
000905.SH,2005-11-04,835.122
000905.SH,2005-11-07,842.002
000905.SH,2005-11-08,848.965
000905.SH,2005-11-09,845.11
000905.SH,2005-11-10,821.269
000905.SH,2005-11-11,823.956
000905.SH,2005-11-14,827.569
000905.SH,2005-11-15,820.491
000905.SH,2005-11-16,826.692
000905.SH,2005-11-17,825.797
000905.SH,2005-11-18,843.738
000905.SH,2005-11-21,846.958
000905.SH,2005-11-22,831.771
000905.SH,2005-11-23,838.117
000905.SH,2005-11-24,841.699
000905.SH,2005-11-25,841.13
000905.SH,2005-11-28,838.342
000905.SH,2005-11-29,827.005
000905.SH,2005-11-30,829.5
000905.SH,2005-12-01,828.193
000905.SH,2005-12-02,817.864
000905.SH,2005-12-05,796.926
000905.SH,2005-12-06,798.878
000905.SH,2005-12-07,806.778
000905.SH,2005-12-08,805.561
000905.SH,2005-12-09,819.2
000905.SH,2005-12-12,824.518
000905.SH,2005-12-13,824.861
000905.SH,2005-12-14,832.513
000905.SH,2005-12-15,827.539
000905.SH,2005-12-16,834.537
000905.SH,2005-12-19,834.712
000905.SH,2005-12-20,836.119
000905.SH,2005-12-21,830.766
000905.SH,2005-12-22,835.503
000905.SH,2005-12-23,845.589
000905.SH,2005-12-26,853.169
000905.SH,2005-12-27,854.526
000905.SH,2005-12-28,857.206
000905.SH,2005-12-29,866.747
000905.SH,2005-12-30,860.131
000905.SH,2006-01-04,871.73
000905.SH,2006-01-05,882.732
000905.SH,2006-01-06,891.94
000905.SH,2006-01-09,905.068
000905.SH,2006-01-10,911.191
000905.SH,2006-01-11,906.496
000905.SH,2006-01-12,927.42
000905.SH,2006-01-13,932.499
000905.SH,2006-01-16,920.332
000905.SH,2006-01-17,919.279
000905.SH,2006-01-18,939.136
000905.SH,2006-01-19,949.913
000905.SH,2006-01-20,952.769
000905.SH,2006-01-23,961.069
000905.SH,2006-01-24,960.353
000905.SH,2006-01-25,957.787
000905.SH,2006-02-06,980.91
000905.SH,2006-02-07,981.574
000905.SH,2006-02-08,982.943
000905.SH,2006-02-09,969.577
000905.SH,2006-02-10,980.801
000905.SH,2006-02-13,977.396
000905.SH,2006-02-14,986.056
000905.SH,2006-02-15,986.161
000905.SH,2006-02-16,958.59
000905.SH,2006-02-17,949.993
000905.SH,2006-02-20,943.765
000905.SH,2006-02-21,960.017
000905.SH,2006-02-22,959.947
000905.SH,2006-02-23,958.722
000905.SH,2006-02-24,967.163
000905.SH,2006-02-27,963.379
000905.SH,2006-02-28,964.726
000905.SH,2006-03-01,972.067
000905.SH,2006-03-02,953.369
000905.SH,2006-03-03,954.457
000905.SH,2006-03-06,952.351
000905.SH,2006-03-07,928.576
000905.SH,2006-03-08,924.83
000905.SH,2006-03-09,920.13
000905.SH,2006-03-10,921.683
000905.SH,2006-03-13,928.518
000905.SH,2006-03-14,931.721
000905.SH,2006-03-15,942.689
000905.SH,2006-03-16,945.523
000905.SH,2006-03-17,943.725
000905.SH,2006-03-20,956.138
000905.SH,2006-03-21,959.927
000905.SH,2006-03-22,972.137
000905.SH,2006-03-23,980.841
000905.SH,2006-03-24,974.269
000905.SH,2006-03-27,984.152
000905.SH,2006-03-28,994.52
000905.SH,2006-03-29,997.704
000905.SH,2006-03-30,986.957
000905.SH,2006-03-31,1000.251
000905.SH,2006-04-03,1025.788
000905.SH,2006-04-04,1038.109
000905.SH,2006-04-05,1048.666
000905.SH,2006-04-06,1053.693
000905.SH,2006-04-07,1068.11
000905.SH,2006-04-10,1090.72
000905.SH,2006-04-11,1094.409
000905.SH,2006-04-12,1095.497
000905.SH,2006-04-13,1062.69
000905.SH,2006-04-14,1088.183
000905.SH,2006-04-17,1093.513
000905.SH,2006-04-18,1097.73
000905.SH,2006-04-19,1100.661
000905.SH,2006-04-20,1091.851
000905.SH,2006-04-21,1102.547
000905.SH,2006-04-24,1094.375
000905.SH,2006-04-25,1103.059
000905.SH,2006-04-26,1116.811
000905.SH,2006-04-27,1125.32
000905.SH,2006-04-28,1141.685
000905.SH,2006-05-08,1180.728
000905.SH,2006-05-09,1218.094
000905.SH,2006-05-10,1241.571
000905.SH,2006-05-11,1237.772
000905.SH,2006-05-12,1283.677
000905.SH,2006-05-15,1344.924
000905.SH,2006-05-16,1297.932
000905.SH,2006-05-17,1318.966
000905.SH,2006-05-18,1328.206
000905.SH,2006-05-19,1365.647
000905.SH,2006-05-22,1386.748
000905.SH,2006-05-23,1326.156
000905.SH,2006-05-24,1308.693
000905.SH,2006-05-25,1324.919
000905.SH,2006-05-26,1355.501
000905.SH,2006-05-29,1387.524
000905.SH,2006-05-30,1410.542
000905.SH,2006-05-31,1402.332
000905.SH,2006-06-01,1455.741
000905.SH,2006-06-02,1457.763
000905.SH,2006-06-05,1484.29
000905.SH,2006-06-06,1470.449
000905.SH,2006-06-07,1370.809
000905.SH,2006-06-08,1376.079
000905.SH,2006-06-09,1346.481
000905.SH,2006-06-12,1352.582
000905.SH,2006-06-13,1361.526
000905.SH,2006-06-14,1347.878
000905.SH,2006-06-15,1352.336
000905.SH,2006-06-16,1382.41
000905.SH,2006-06-19,1397.995
000905.SH,2006-06-20,1414.905
000905.SH,2006-06-21,1410.502
000905.SH,2006-06-22,1411.278
000905.SH,2006-06-23,1430.513
000905.SH,2006-06-26,1457.137
000905.SH,2006-06-27,1464.686
000905.SH,2006-06-28,1461.793
000905.SH,2006-06-29,1488.164
000905.SH,2006-06-30,1485.995
000905.SH,2006-07-03,1514.068
000905.SH,2006-07-04,1508.839
000905.SH,2006-07-05,1497.656
000905.SH,2006-07-06,1539.177
000905.SH,2006-07-07,1541.253
000905.SH,2006-07-10,1550.04
000905.SH,2006-07-11,1561.843
000905.SH,2006-07-12,1562.06
000905.SH,2006-07-13,1459.778
000905.SH,2006-07-14,1470.467
000905.SH,2006-07-17,1494.793
000905.SH,2006-07-18,1506.592
000905.SH,2006-07-19,1472.354
000905.SH,2006-07-20,1484.409
000905.SH,2006-07-21,1493.036
000905.SH,2006-07-24,1496.607
000905.SH,2006-07-25,1518.172
000905.SH,2006-07-26,1523.863
000905.SH,2006-07-27,1506.56
000905.SH,2006-07-28,1492.114
000905.SH,2006-07-31,1425.044
000905.SH,2006-08-01,1408.902
000905.SH,2006-08-02,1401.859
000905.SH,2006-08-03,1401.156
000905.SH,2006-08-04,1354.778
000905.SH,2006-08-07,1323.726
000905.SH,2006-08-08,1364.99
000905.SH,2006-08-09,1367.395
000905.SH,2006-08-10,1391.144
000905.SH,2006-08-11,1398.011
000905.SH,2006-08-14,1356.848
000905.SH,2006-08-15,1383.361
000905.SH,2006-08-16,1407.313
000905.SH,2006-08-17,1395.718
000905.SH,2006-08-18,1384.899
000905.SH,2006-08-21,1392.969
000905.SH,2006-08-22,1408.846
000905.SH,2006-08-23,1403.578
000905.SH,2006-08-24,1416.898
000905.SH,2006-08-25,1421.095
000905.SH,2006-08-28,1457.321
000905.SH,2006-08-29,1456.44
000905.SH,2006-08-30,1468.664
000905.SH,2006-08-31,1479.9
000905.SH,2006-09-01,1451.95
000905.SH,2006-09-04,1484.443
000905.SH,2006-09-05,1490.153
000905.SH,2006-09-06,1497.005
000905.SH,2006-09-07,1472.505
000905.SH,2006-09-08,1473.922
000905.SH,2006-09-11,1481.932
000905.SH,2006-09-12,1487.741
000905.SH,2006-09-13,1466.043
000905.SH,2006-09-14,1467.796
000905.SH,2006-09-15,1484.687
000905.SH,2006-09-18,1507.942
000905.SH,2006-09-19,1512.963
000905.SH,2006-09-20,1517.29
000905.SH,2006-09-21,1521.95
000905.SH,2006-09-22,1509.385
000905.SH,2006-09-25,1514.277
000905.SH,2006-09-26,1508.2
000905.SH,2006-09-27,1522.45
000905.SH,2006-09-28,1535.272
000905.SH,2006-09-29,1550.803
000905.SH,2006-10-09,1579.521
000905.SH,2006-10-10,1588.806
000905.SH,2006-10-11,1591.451
000905.SH,2006-10-12,1567.291
000905.SH,2006-10-13,1575.861
000905.SH,2006-10-16,1567.085
000905.SH,2006-10-17,1568.509
000905.SH,2006-10-18,1588.59
000905.SH,2006-10-19,1597.38
000905.SH,2006-10-20,1587.902
000905.SH,2006-10-23,1537.321
000905.SH,2006-10-24,1577.086
000905.SH,2006-10-25,1565.901
000905.SH,2006-10-26,1556.69
000905.SH,2006-10-27,1530.26
000905.SH,2006-10-30,1527.216
000905.SH,2006-10-31,1541.639
000905.SH,2006-11-01,1548.518
000905.SH,2006-11-02,1545.826
000905.SH,2006-11-03,1549.655
000905.SH,2006-11-06,1540.606
000905.SH,2006-11-07,1525.649
000905.SH,2006-11-08,1521.448
000905.SH,2006-11-09,1537.862
000905.SH,2006-11-10,1498.871
000905.SH,2006-11-13,1445.679
000905.SH,2006-11-14,1461.716
000905.SH,2006-11-15,1484.446
000905.SH,2006-11-16,1462.675
000905.SH,2006-11-17,1476.745
000905.SH,2006-11-20,1466.653
000905.SH,2006-11-21,1477.679
000905.SH,2006-11-22,1500.813
000905.SH,2006-11-23,1509.315
000905.SH,2006-11-24,1532.019
000905.SH,2006-11-27,1567.049
000905.SH,2006-11-28,1577.179
000905.SH,2006-11-29,1596.998
000905.SH,2006-11-30,1623.816
000905.SH,2006-12-01,1629.207
000905.SH,2006-12-04,1663.197
000905.SH,2006-12-05,1675.458
000905.SH,2006-12-06,1649.139
000905.SH,2006-12-07,1632.908
000905.SH,2006-12-08,1571.183
000905.SH,2006-12-11,1621.263
000905.SH,2006-12-12,1626.586
000905.SH,2006-12-13,1634.84
000905.SH,2006-12-14,1662.266
000905.SH,2006-12-15,1689.671
000905.SH,2006-12-18,1717.225
000905.SH,2006-12-19,1724.533
000905.SH,2006-12-20,1756.002
000905.SH,2006-12-21,1737.381
000905.SH,2006-12-22,1728.396
000905.SH,2006-12-25,1744.817
000905.SH,2006-12-26,1726.777
000905.SH,2006-12-27,1738.525
000905.SH,2006-12-28,1704.724
000905.SH,2006-12-29,1726.146
000905.SH,2007-01-04,1723.686
000905.SH,2007-01-05,1770.475
000905.SH,2007-01-08,1851.964
000905.SH,2007-01-09,1891.871
000905.SH,2007-01-10,1940.832
000905.SH,2007-01-11,1952.236
000905.SH,2007-01-12,1881.753
000905.SH,2007-01-15,1986.539
000905.SH,2007-01-16,2055.016
000905.SH,2007-01-17,2035.651
000905.SH,2007-01-18,2085.403
000905.SH,2007-01-19,2159.638
000905.SH,2007-01-22,2258.986
000905.SH,2007-01-23,2261.785
000905.SH,2007-01-24,2283.696
000905.SH,2007-01-25,2174.239
000905.SH,2007-01-26,2186.27
000905.SH,2007-01-29,2260.596
000905.SH,2007-01-30,2255.938
000905.SH,2007-01-31,2142.891
000905.SH,2007-02-01,2165.405
000905.SH,2007-02-02,2127.104
000905.SH,2007-02-05,2152.25
000905.SH,2007-02-06,2198.239
000905.SH,2007-02-07,2237.944
000905.SH,2007-02-08,2278.445
000905.SH,2007-02-09,2287.381
000905.SH,2007-02-12,2341.072
000905.SH,2007-02-13,2384.158
000905.SH,2007-02-14,2435.959
000905.SH,2007-02-15,2512.402
000905.SH,2007-02-16,2541.409
000905.SH,2007-02-26,2642.114
000905.SH,2007-02-27,2405.574
000905.SH,2007-02-28,2513.533
000905.SH,2007-03-01,2459.511
000905.SH,2007-03-02,2503.677
000905.SH,2007-03-05,2511.916
000905.SH,2007-03-06,2516.003
000905.SH,2007-03-07,2580.597
000905.SH,2007-03-08,2634.879
000905.SH,2007-03-09,2638.047
000905.SH,2007-03-12,2696.497
000905.SH,2007-03-13,2727.455
000905.SH,2007-03-14,2708.687
000905.SH,2007-03-15,2760.844
000905.SH,2007-03-16,2710.861
000905.SH,2007-03-19,2751.477
000905.SH,2007-03-20,2810.714
000905.SH,2007-03-21,2859.006
000905.SH,2007-03-22,2861.146
000905.SH,2007-03-23,2897.999
000905.SH,2007-03-26,2989.051
000905.SH,2007-03-27,3039.534
000905.SH,2007-03-28,3004.295
000905.SH,2007-03-29,2894.779
000905.SH,2007-03-30,2926.064
000905.SH,2007-04-02,2993.63
000905.SH,2007-04-03,3042.461
000905.SH,2007-04-04,3078.901
000905.SH,2007-04-05,3133.142
000905.SH,2007-04-06,3182.797
000905.SH,2007-04-09,3240.302
000905.SH,2007-04-10,3261.527
000905.SH,2007-04-11,3309.745
000905.SH,2007-04-12,3387.412
000905.SH,2007-04-13,3358.632
000905.SH,2007-04-16,3458.067
000905.SH,2007-04-17,3558.216
000905.SH,2007-04-18,3649.714
000905.SH,2007-04-19,3435.78
000905.SH,2007-04-20,3614.391
000905.SH,2007-04-23,3782.256
000905.SH,2007-04-24,3821.416
000905.SH,2007-04-25,3805.046
000905.SH,2007-04-26,3853.269
000905.SH,2007-04-27,3845.813
000905.SH,2007-04-30,3903.689
000905.SH,2007-05-08,4091.133
000905.SH,2007-05-09,4099.126
000905.SH,2007-05-10,4128.081
000905.SH,2007-05-11,4109.403
000905.SH,2007-05-14,4133.826
000905.SH,2007-05-15,3998.777
000905.SH,2007-05-16,4118.139
000905.SH,2007-05-17,4221.913
000905.SH,2007-05-18,4235.185
000905.SH,2007-05-21,4364.156
000905.SH,2007-05-22,4459.813
000905.SH,2007-05-23,4582.306
000905.SH,2007-05-24,4571.714
000905.SH,2007-05-25,4649.857
000905.SH,2007-05-28,4761.701
000905.SH,2007-05-29,4853.643
000905.SH,2007-05-30,4456.279
000905.SH,2007-05-31,4267.781
000905.SH,2007-06-01,3960.442
000905.SH,2007-06-04,3618.688
000905.SH,2007-06-05,3659.941
000905.SH,2007-06-06,3736.931
000905.SH,2007-06-07,3936.766
000905.SH,2007-06-08,4002.868
000905.SH,2007-06-11,4104.551
000905.SH,2007-06-12,4218.436
000905.SH,2007-06-13,4372.53
000905.SH,2007-06-14,4311.975
000905.SH,2007-06-15,4316.53
000905.SH,2007-06-18,4439.185
000905.SH,2007-06-19,4529.033
000905.SH,2007-06-20,4396.218
000905.SH,2007-06-21,4374.488
000905.SH,2007-06-22,4123.215
000905.SH,2007-06-25,3851.944
000905.SH,2007-06-26,3928.703
000905.SH,2007-06-27,4022.313
000905.SH,2007-06-28,3757.978
000905.SH,2007-06-29,3585.486
000905.SH,2007-07-02,3644.79
000905.SH,2007-07-03,3704.706
000905.SH,2007-07-04,3622.518
000905.SH,2007-07-05,3380.179
000905.SH,2007-07-06,3591.377
000905.SH,2007-07-09,3711.714
000905.SH,2007-07-10,3606.187
000905.SH,2007-07-11,3653.311
000905.SH,2007-07-12,3671.175
000905.SH,2007-07-13,3655.845
000905.SH,2007-07-16,3532.064
000905.SH,2007-07-17,3610.382
000905.SH,2007-07-18,3624.341
000905.SH,2007-07-19,3640.282
000905.SH,2007-07-20,3788.744
000905.SH,2007-07-23,3984.788
000905.SH,2007-07-24,3993.019
000905.SH,2007-07-25,4106.826
000905.SH,2007-07-26,4190.881
000905.SH,2007-07-27,4269.767
000905.SH,2007-07-30,4353.092
000905.SH,2007-07-31,4403.584
000905.SH,2007-08-01,4161.135
000905.SH,2007-08-02,4336.811
000905.SH,2007-08-03,4408.047
000905.SH,2007-08-06,4504.344
000905.SH,2007-08-07,4470.142
000905.SH,2007-08-08,4395.427
000905.SH,2007-08-09,4442.06
000905.SH,2007-08-10,4348.811
000905.SH,2007-08-13,4329.765
000905.SH,2007-08-14,4436.206
000905.SH,2007-08-15,4412.795
000905.SH,2007-08-16,4438.959
000905.SH,2007-08-17,4390.883
000905.SH,2007-08-20,4570.571
000905.SH,2007-08-21,4625.28
000905.SH,2007-08-22,4685.058
000905.SH,2007-08-23,4733.839
000905.SH,2007-08-24,4742.953
000905.SH,2007-08-27,4724.544
000905.SH,2007-08-28,4729.791
000905.SH,2007-08-29,4701.439
000905.SH,2007-08-30,4843.707
000905.SH,2007-08-31,4897.636
000905.SH,2007-09-03,5008.833
000905.SH,2007-09-04,4980.529
000905.SH,2007-09-05,5010.729
000905.SH,2007-09-06,5065.515
000905.SH,2007-09-07,4939.231
000905.SH,2007-09-10,5038.941
000905.SH,2007-09-11,4718.312
000905.SH,2007-09-12,4770.769
000905.SH,2007-09-13,4872.661
000905.SH,2007-09-14,4936.694
000905.SH,2007-09-17,5047.597
000905.SH,2007-09-18,5096.239
000905.SH,2007-09-19,5029.101
000905.SH,2007-09-20,5079.078
000905.SH,2007-09-21,5028.843
000905.SH,2007-09-24,5054.73
000905.SH,2007-09-25,5013.06
000905.SH,2007-09-26,4932.521
000905.SH,2007-09-27,4972.716
000905.SH,2007-09-28,5083.65
000905.SH,2007-10-08,5088.596
000905.SH,2007-10-09,5141.892
000905.SH,2007-10-10,5109.1
000905.SH,2007-10-11,5005.498
000905.SH,2007-10-12,4891.386
000905.SH,2007-10-15,4890.596
000905.SH,2007-10-16,4943.559
000905.SH,2007-10-17,4929.536
000905.SH,2007-10-18,4814.462
000905.SH,2007-10-19,4813.952
000905.SH,2007-10-22,4688.292
000905.SH,2007-10-23,4688.722
000905.SH,2007-10-24,4596.635
000905.SH,2007-10-25,4251.497
000905.SH,2007-10-26,4228.946
000905.SH,2007-10-29,4288.789
000905.SH,2007-10-30,4388.327
000905.SH,2007-10-31,4550.183
000905.SH,2007-11-01,4431.099
000905.SH,2007-11-02,4329.631
000905.SH,2007-11-05,4361.872
000905.SH,2007-11-06,4395.011
000905.SH,2007-11-07,4385.856
000905.SH,2007-11-08,4205.65
000905.SH,2007-11-09,4153.236
000905.SH,2007-11-12,4098.556
000905.SH,2007-11-13,4114.509
000905.SH,2007-11-14,4263.995
000905.SH,2007-11-15,4210.704
000905.SH,2007-11-16,4217.228
000905.SH,2007-11-19,4313.28
000905.SH,2007-11-20,4371.676
000905.SH,2007-11-21,4308.422
000905.SH,2007-11-22,4113.309
000905.SH,2007-11-23,4193.98
000905.SH,2007-11-26,4151.876
000905.SH,2007-11-27,4108.951
000905.SH,2007-11-28,4078.041
000905.SH,2007-11-29,4185.267
000905.SH,2007-11-30,4122.932
000905.SH,2007-12-03,4170.263
000905.SH,2007-12-04,4194.015
000905.SH,2007-12-05,4273.045
000905.SH,2007-12-06,4291.068
000905.SH,2007-12-07,4362.22
000905.SH,2007-12-10,4483.831
000905.SH,2007-12-11,4534.937
000905.SH,2007-12-12,4544.681
000905.SH,2007-12-13,4402.636
000905.SH,2007-12-14,4499.53
000905.SH,2007-12-17,4506.042
000905.SH,2007-12-18,4467.812
000905.SH,2007-12-19,4565.622
000905.SH,2007-12-20,4621.393
000905.SH,2007-12-21,4691.533
000905.SH,2007-12-24,4772.638
000905.SH,2007-12-25,4815.209
000905.SH,2007-12-26,4912.841
000905.SH,2007-12-27,4963.453
000905.SH,2007-12-28,4947.603
000905.SH,2008-01-02,5123.934
000905.SH,2008-01-03,5230.749
000905.SH,2008-01-04,5243.032
000905.SH,2008-01-07,5347.806
000905.SH,2008-01-08,5200.552
000905.SH,2008-01-09,5356.482
000905.SH,2008-01-10,5382.326
000905.SH,2008-01-11,5376.797
000905.SH,2008-01-14,5445.102
000905.SH,2008-01-15,5487.088
000905.SH,2008-01-16,5412.911
000905.SH,2008-01-17,5270.956
000905.SH,2008-01-18,5317.448
000905.SH,2008-01-21,5097.226
000905.SH,2008-01-22,4661.826
000905.SH,2008-01-23,4912.058
000905.SH,2008-01-24,5080.926
000905.SH,2008-01-25,5096.69
000905.SH,2008-01-28,4740.501
000905.SH,2008-01-29,4840.636
000905.SH,2008-01-30,4851.426
000905.SH,2008-01-31,4663.415
000905.SH,2008-02-01,4456.927
000905.SH,2008-02-04,4820.387
000905.SH,2008-02-05,4838.995
000905.SH,2008-02-13,4813.581
000905.SH,2008-02-14,4910.358
000905.SH,2008-02-15,4886.016
000905.SH,2008-02-18,5043.144
000905.SH,2008-02-19,5133.361
000905.SH,2008-02-20,5089.439
000905.SH,2008-02-21,5153.601
000905.SH,2008-02-22,5029.198
000905.SH,2008-02-25,4869.654
000905.SH,2008-02-26,4868.814
000905.SH,2008-02-27,4977.335
000905.SH,2008-02-28,4989.412
000905.SH,2008-02-29,5057.617
000905.SH,2008-03-03,5227.732
000905.SH,2008-03-04,5192.593
000905.SH,2008-03-05,5214.238
000905.SH,2008-03-06,5223.82
000905.SH,2008-03-07,5115.916
000905.SH,2008-03-10,4948.353
000905.SH,2008-03-11,5015.932
000905.SH,2008-03-12,4881.03
000905.SH,2008-03-13,4688.679
000905.SH,2008-03-14,4662.316
000905.SH,2008-03-17,4302.614
000905.SH,2008-03-18,3986.319
000905.SH,2008-03-19,4176.486
000905.SH,2008-03-20,4347.743
000905.SH,2008-03-21,4405.856
000905.SH,2008-03-24,4314.581
000905.SH,2008-03-25,4367.341
000905.SH,2008-03-26,4352.053
000905.SH,2008-03-27,4119.785
000905.SH,2008-03-28,4241.452
000905.SH,2008-03-31,4044.098
000905.SH,2008-04-01,3704.273
000905.SH,2008-04-02,3500.522
000905.SH,2008-04-03,3588.762
000905.SH,2008-04-07,3822.371
000905.SH,2008-04-08,3908.802
000905.SH,2008-04-09,3695.306
000905.SH,2008-04-10,3803.456
000905.SH,2008-04-11,3862.363
000905.SH,2008-04-14,3607.218
000905.SH,2008-04-15,3723.267
000905.SH,2008-04-16,3633.675
000905.SH,2008-04-17,3511.914
000905.SH,2008-04-18,3338.274
000905.SH,2008-04-21,3314.506
000905.SH,2008-04-22,3266.383
000905.SH,2008-04-23,3409.774
000905.SH,2008-04-24,3723.071
000905.SH,2008-04-25,3756.33
000905.SH,2008-04-28,3729.562
000905.SH,2008-04-29,3759.545
000905.SH,2008-04-30,3903.178
000905.SH,2008-05-05,4040.159
000905.SH,2008-05-06,4024.99
000905.SH,2008-05-07,3850.226
000905.SH,2008-05-08,3985.197
000905.SH,2008-05-09,3986.24
000905.SH,2008-05-12,4069.145
000905.SH,2008-05-13,4078.877
000905.SH,2008-05-14,4168.486
000905.SH,2008-05-15,4131.252
000905.SH,2008-05-16,4071.91
000905.SH,2008-05-19,4070.049
000905.SH,2008-05-20,3813.935
000905.SH,2008-05-21,3908.772
000905.SH,2008-05-22,3871.553
000905.SH,2008-05-23,3829.645
000905.SH,2008-05-26,3728.751
000905.SH,2008-05-27,3743.539
000905.SH,2008-05-28,3847.258
000905.SH,2008-05-29,3749.216
000905.SH,2008-05-30,3755.631
000905.SH,2008-06-02,3788.153
000905.SH,2008-06-03,3771.097
000905.SH,2008-06-04,3704.078
000905.SH,2008-06-05,3657.487
000905.SH,2008-06-06,3629.923
000905.SH,2008-06-10,3312.794
000905.SH,2008-06-11,3226.923
000905.SH,2008-06-12,3197.545
000905.SH,2008-06-13,3045.105
000905.SH,2008-06-16,2977.818
000905.SH,2008-06-17,2791.289
000905.SH,2008-06-18,2951.844
000905.SH,2008-06-19,2702.801
000905.SH,2008-06-20,2764.28
000905.SH,2008-06-23,2717.969
000905.SH,2008-06-24,2806.774
000905.SH,2008-06-25,2966.895
000905.SH,2008-06-26,3003.302
000905.SH,2008-06-27,2792.705
000905.SH,2008-06-30,2813.716
000905.SH,2008-07-01,2765.064
000905.SH,2008-07-02,2811.225
000905.SH,2008-07-03,2941.521
000905.SH,2008-07-04,2941.085
000905.SH,2008-07-07,3094.845
000905.SH,2008-07-08,3142.32
000905.SH,2008-07-09,3226.147
000905.SH,2008-07-10,3152.489
000905.SH,2008-07-11,3132.733
000905.SH,2008-07-14,3198.352
000905.SH,2008-07-15,3106.326
000905.SH,2008-07-16,2948.526
000905.SH,2008-07-17,2918.369
000905.SH,2008-07-18,3015.798
000905.SH,2008-07-21,3139.509
000905.SH,2008-07-22,3150.015
000905.SH,2008-07-23,3122.687
000905.SH,2008-07-24,3200.735
000905.SH,2008-07-25,3172.168
000905.SH,2008-07-28,3215.846
000905.SH,2008-07-29,3150
000905.SH,2008-07-30,3132.766
000905.SH,2008-07-31,3017.217
000905.SH,2008-08-01,3063.812
000905.SH,2008-08-04,2990.168
000905.SH,2008-08-05,2897.725
000905.SH,2008-08-06,2904.186
000905.SH,2008-08-07,2923.745
000905.SH,2008-08-08,2711.964
000905.SH,2008-08-11,2508.59
000905.SH,2008-08-12,2473.417
000905.SH,2008-08-13,2472.3
000905.SH,2008-08-14,2483.696
000905.SH,2008-08-15,2473.717
000905.SH,2008-08-18,2289.296
000905.SH,2008-08-19,2327.019
000905.SH,2008-08-20,2520.737
000905.SH,2008-08-21,2431.101
000905.SH,2008-08-22,2382.523
000905.SH,2008-08-25,2374.06
000905.SH,2008-08-26,2244.993
000905.SH,2008-08-27,2237.867
000905.SH,2008-08-28,2236.824
000905.SH,2008-08-29,2307.158
000905.SH,2008-09-01,2238.047
000905.SH,2008-09-02,2253.773
000905.SH,2008-09-03,2237.28
000905.SH,2008-09-04,2254.688
000905.SH,2008-09-05,2148.741
000905.SH,2008-09-08,2039.889
000905.SH,2008-09-09,2057.561
000905.SH,2008-09-10,2072.808
000905.SH,2008-09-11,2034.247
000905.SH,2008-09-12,2038.66
000905.SH,2008-09-16,1993.461
000905.SH,2008-09-17,1956.035
000905.SH,2008-09-18,1899.323
000905.SH,2008-09-19,2086.826
000905.SH,2008-09-22,2182.792
000905.SH,2008-09-23,2042.197
000905.SH,2008-09-24,2088.549
000905.SH,2008-09-25,2138.065
000905.SH,2008-09-26,2136.001
000905.SH,2008-10-06,2054.042
000905.SH,2008-10-07,2046.191
000905.SH,2008-10-08,1995.61
000905.SH,2008-10-09,1969.815
000905.SH,2008-10-10,1837.404
000905.SH,2008-10-13,1872.947
000905.SH,2008-10-14,1816.32
000905.SH,2008-10-15,1806.791
000905.SH,2008-10-16,1704.565
000905.SH,2008-10-17,1726.4
000905.SH,2008-10-20,1786.564
000905.SH,2008-10-21,1782.664
000905.SH,2008-10-22,1748.84
000905.SH,2008-10-23,1766.59
000905.SH,2008-10-24,1741.181
000905.SH,2008-10-27,1604.758
000905.SH,2008-10-28,1642.055
000905.SH,2008-10-29,1576.931
000905.SH,2008-10-30,1590.226
000905.SH,2008-10-31,1562.022
000905.SH,2008-11-03,1539.795
000905.SH,2008-11-04,1513.495
000905.SH,2008-11-05,1563.369
000905.SH,2008-11-06,1536.598
000905.SH,2008-11-07,1561.221
000905.SH,2008-11-10,1676.277
000905.SH,2008-11-11,1662.848
000905.SH,2008-11-12,1704.226
000905.SH,2008-11-13,1784.497
000905.SH,2008-11-14,1867.485
000905.SH,2008-11-17,1959.072
000905.SH,2008-11-18,1816.285
000905.SH,2008-11-19,1944.327
000905.SH,2008-11-20,1948.681
000905.SH,2008-11-21,1921.04
000905.SH,2008-11-24,1842.344
000905.SH,2008-11-25,1827.642
000905.SH,2008-11-26,1834.774
000905.SH,2008-11-27,1861.518
000905.SH,2008-11-28,1841.45
000905.SH,2008-12-01,1919.475
000905.SH,2008-12-02,1957.322
000905.SH,2008-12-03,2039.927
000905.SH,2008-12-04,2037.723
000905.SH,2008-12-05,2098.656
000905.SH,2008-12-08,2190.532
000905.SH,2008-12-09,2134.58
000905.SH,2008-12-10,2195.743
000905.SH,2008-12-11,2127.183
000905.SH,2008-12-12,2031.992
000905.SH,2008-12-15,2073.029
000905.SH,2008-12-16,2110.244
000905.SH,2008-12-17,2136.309
000905.SH,2008-12-18,2175.357
000905.SH,2008-12-19,2194.994
000905.SH,2008-12-22,2193.475
000905.SH,2008-12-23,2054.535
000905.SH,2008-12-24,2010.104
000905.SH,2008-12-25,2003.488
000905.SH,2008-12-26,1983.757
000905.SH,2008-12-29,1984.755
000905.SH,2008-12-30,1971.466
000905.SH,2008-12-31,1939.433
000905.SH,2009-01-05,2020.243
000905.SH,2009-01-06,2091.892
000905.SH,2009-01-07,2104.922
000905.SH,2009-01-08,2052.3
000905.SH,2009-01-09,2107.766
000905.SH,2009-01-12,2137.841
000905.SH,2009-01-13,2081.672
000905.SH,2009-01-14,2160.064
000905.SH,2009-01-15,2181.061
000905.SH,2009-01-16,2195.634
000905.SH,2009-01-19,2192.807
000905.SH,2009-01-20,2214.839
000905.SH,2009-01-21,2217.626
000905.SH,2009-01-22,2256.367
000905.SH,2009-01-23,2238.082
000905.SH,2009-02-02,2306.769
000905.SH,2009-02-03,2369.654
000905.SH,2009-02-04,2423.887
000905.SH,2009-02-05,2384.764
000905.SH,2009-02-06,2493.74
000905.SH,2009-02-09,2579.228
000905.SH,2009-02-10,2653.213
000905.SH,2009-02-11,2658.05
000905.SH,2009-02-12,2707.922
000905.SH,2009-02-13,2805.01
000905.SH,2009-02-16,2854.444
000905.SH,2009-02-17,2738.58
000905.SH,2009-02-18,2632.908
000905.SH,2009-02-19,2687.489
000905.SH,2009-02-20,2776.955
000905.SH,2009-02-23,2871.792
000905.SH,2009-02-24,2754.24
000905.SH,2009-02-25,2771.098
000905.SH,2009-02-26,2571.276
000905.SH,2009-02-27,2416.949
000905.SH,2009-03-02,2478.808
000905.SH,2009-03-03,2499.826
000905.SH,2009-03-04,2651.405
000905.SH,2009-03-05,2671.575
000905.SH,2009-03-06,2653.469
000905.SH,2009-03-09,2536.01
000905.SH,2009-03-10,2601.417
000905.SH,2009-03-11,2587.371
000905.SH,2009-03-12,2597.232
000905.SH,2009-03-13,2569.629
000905.SH,2009-03-16,2603.058
000905.SH,2009-03-17,2699.594
000905.SH,2009-03-18,2734.547
000905.SH,2009-03-19,2797.155
000905.SH,2009-03-20,2784.106
000905.SH,2009-03-23,2843.879
000905.SH,2009-03-24,2865.333
000905.SH,2009-03-25,2785.664
000905.SH,2009-03-26,2853.411
000905.SH,2009-03-27,2877.88
000905.SH,2009-03-30,2883.214
000905.SH,2009-03-31,2914.128
000905.SH,2009-04-01,2962.839
000905.SH,2009-04-02,2965.735
000905.SH,2009-04-03,2934.253
000905.SH,2009-04-07,2968.519
000905.SH,2009-04-08,2867.168
000905.SH,2009-04-09,2915.024
000905.SH,2009-04-10,3009.376
000905.SH,2009-04-13,3050.372
000905.SH,2009-04-14,3099.429
000905.SH,2009-04-15,3143.821
000905.SH,2009-04-16,3159.26
000905.SH,2009-04-17,3119.419
000905.SH,2009-04-20,3205.884
000905.SH,2009-04-21,3205.076
000905.SH,2009-04-22,3042.638
000905.SH,2009-04-23,3059.709
000905.SH,2009-04-24,3036.761
000905.SH,2009-04-27,2916.114
000905.SH,2009-04-28,2959.952
000905.SH,2009-04-29,3040.04
000905.SH,2009-04-30,3086.217
000905.SH,2009-05-04,3190.254
000905.SH,2009-05-05,3220.615
000905.SH,2009-05-06,3264.579
000905.SH,2009-05-07,3242.626
000905.SH,2009-05-08,3257.588
000905.SH,2009-05-11,3134.573
000905.SH,2009-05-12,3212.139
000905.SH,2009-05-13,3234.151
000905.SH,2009-05-14,3246.557
000905.SH,2009-05-15,3270.738
000905.SH,2009-05-18,3295.651
000905.SH,2009-05-19,3325.531
000905.SH,2009-05-20,3306.474
000905.SH,2009-05-21,3247.475
000905.SH,2009-05-22,3254.534
000905.SH,2009-05-25,3271.501
000905.SH,2009-05-26,3274.849
000905.SH,2009-05-27,3276.748
000905.SH,2009-06-01,3332.337
000905.SH,2009-06-02,3353.922
000905.SH,2009-06-03,3380.188
000905.SH,2009-06-04,3375.873
000905.SH,2009-06-05,3355.778
000905.SH,2009-06-08,3350.238
000905.SH,2009-06-09,3366.911
000905.SH,2009-06-10,3403.208
000905.SH,2009-06-11,3382.997
000905.SH,2009-06-12,3309.587
000905.SH,2009-06-15,3356.714
000905.SH,2009-06-16,3349.35
000905.SH,2009-06-17,3403.962
000905.SH,2009-06-18,3431.281
000905.SH,2009-06-19,3434.055
000905.SH,2009-06-22,3405.13
000905.SH,2009-06-23,3392.112
000905.SH,2009-06-24,3431.444
000905.SH,2009-06-25,3427.473
000905.SH,2009-06-26,3448.461
000905.SH,2009-06-29,3476.788
000905.SH,2009-06-30,3452.263
000905.SH,2009-07-01,3503.754
000905.SH,2009-07-02,3540.509
000905.SH,2009-07-03,3584.858
000905.SH,2009-07-06,3592.64
000905.SH,2009-07-07,3589.187
000905.SH,2009-07-08,3633.433
000905.SH,2009-07-09,3701.79
000905.SH,2009-07-10,3719.97
000905.SH,2009-07-13,3754.344
000905.SH,2009-07-14,3813.876
000905.SH,2009-07-15,3848.632
000905.SH,2009-07-16,3829.207
000905.SH,2009-07-17,3852.863
000905.SH,2009-07-20,3919.426
000905.SH,2009-07-21,3824.288
000905.SH,2009-07-22,3894.563
000905.SH,2009-07-23,3933.113
000905.SH,2009-07-24,3907.967
000905.SH,2009-07-27,3972.644
000905.SH,2009-07-28,4022.91
000905.SH,2009-07-29,3764.64
000905.SH,2009-07-30,3803.124
000905.SH,2009-07-31,3928.584
000905.SH,2009-08-03,4020.266
000905.SH,2009-08-04,4069.346
000905.SH,2009-08-05,4069.338
000905.SH,2009-08-06,4015.421
000905.SH,2009-08-07,3893.125
000905.SH,2009-08-10,3933.047
000905.SH,2009-08-11,3953.293
000905.SH,2009-08-12,3770.137
000905.SH,2009-08-13,3778.14
000905.SH,2009-08-14,3609.698
000905.SH,2009-08-17,3358.103
000905.SH,2009-08-18,3424.775
000905.SH,2009-08-19,3247.526
000905.SH,2009-08-20,3374.351
000905.SH,2009-08-21,3468.042
000905.SH,2009-08-24,3541.804
000905.SH,2009-08-25,3485.924
000905.SH,2009-08-26,3595.115
000905.SH,2009-08-27,3629.513
000905.SH,2009-08-28,3531.41
000905.SH,2009-08-31,3277.997
000905.SH,2009-09-01,3245.274
000905.SH,2009-09-02,3265.074
000905.SH,2009-09-03,3427.442
000905.SH,2009-09-04,3489.063
000905.SH,2009-09-07,3527.254
000905.SH,2009-09-08,3592.806
000905.SH,2009-09-09,3613.41
000905.SH,2009-09-10,3581.683
000905.SH,2009-09-11,3641.816
000905.SH,2009-09-14,3736.576
000905.SH,2009-09-15,3775.213
000905.SH,2009-09-16,3781.064
000905.SH,2009-09-17,3868.667
000905.SH,2009-09-18,3739.732
000905.SH,2009-09-21,3804.331
000905.SH,2009-09-22,3708.199
000905.SH,2009-09-23,3595.706
000905.SH,2009-09-24,3568.669
000905.SH,2009-09-25,3536.811
000905.SH,2009-09-28,3434.655
000905.SH,2009-09-29,3372.074
000905.SH,2009-09-30,3400.623
000905.SH,2009-10-09,3576.444
000905.SH,2009-10-12,3597.863
000905.SH,2009-10-13,3659.081
000905.SH,2009-10-14,3692.648
000905.SH,2009-10-15,3704.404
000905.SH,2009-10-16,3716.897
000905.SH,2009-10-19,3808.181
000905.SH,2009-10-20,3865.832
000905.SH,2009-10-21,3839.947
000905.SH,2009-10-22,3855.768
000905.SH,2009-10-23,3908.435
000905.SH,2009-10-26,3911.653
000905.SH,2009-10-27,3807.976
000905.SH,2009-10-28,3846.415
000905.SH,2009-10-29,3777.505
000905.SH,2009-10-30,3827.683
000905.SH,2009-11-02,3955.783
000905.SH,2009-11-03,4053.212
000905.SH,2009-11-04,4083.482
000905.SH,2009-11-05,4125.781
000905.SH,2009-11-06,4145.137
000905.SH,2009-11-09,4176.188
000905.SH,2009-11-10,4182.77
000905.SH,2009-11-11,4199.549
000905.SH,2009-11-12,4213.245
000905.SH,2009-11-13,4267.008
000905.SH,2009-11-16,4364.973
000905.SH,2009-11-17,4387.552
000905.SH,2009-11-18,4406.779
000905.SH,2009-11-19,4476.138
000905.SH,2009-11-20,4508.293
000905.SH,2009-11-23,4591.339
000905.SH,2009-11-24,4347.657
000905.SH,2009-11-25,4512.08
000905.SH,2009-11-26,4328.408
000905.SH,2009-11-27,4215.338
000905.SH,2009-11-30,4405.328
000905.SH,2009-12-01,4525.288
000905.SH,2009-12-02,4591.384
000905.SH,2009-12-03,4621.941
000905.SH,2009-12-04,4506.082
000905.SH,2009-12-07,4581.242
000905.SH,2009-12-08,4571.764
000905.SH,2009-12-09,4498.152
000905.SH,2009-12-10,4536.557
000905.SH,2009-12-11,4534.763
000905.SH,2009-12-14,4513.594
000905.SH,2009-12-15,4523.493
000905.SH,2009-12-16,4506.039
000905.SH,2009-12-17,4364.926
000905.SH,2009-12-18,4203.48
000905.SH,2009-12-21,4256.389
000905.SH,2009-12-22,4136.822
000905.SH,2009-12-23,4210.173
000905.SH,2009-12-24,4345.296
000905.SH,2009-12-25,4376.193
000905.SH,2009-12-28,4447.205
000905.SH,2009-12-29,4463.604
000905.SH,2009-12-30,4446.067
000905.SH,2009-12-31,4485.255
000905.SH,2010-01-04,4510.527
000905.SH,2010-01-05,4557.475
000905.SH,2010-01-06,4550.279
000905.SH,2010-01-07,4459.155
000905.SH,2010-01-08,4514.452
000905.SH,2010-01-11,4542.949
000905.SH,2010-01-12,4639.632
000905.SH,2010-01-13,4591.024
000905.SH,2010-01-14,4714.1
000905.SH,2010-01-15,4747.648
000905.SH,2010-01-18,4829.062
000905.SH,2010-01-19,4830.016
000905.SH,2010-01-20,4651.074
000905.SH,2010-01-21,4667.209
000905.SH,2010-01-22,4537.88
000905.SH,2010-01-25,4481.16
000905.SH,2010-01-26,4294.383
000905.SH,2010-01-27,4267.113
000905.SH,2010-01-28,4336.381
000905.SH,2010-01-29,4374.649
000905.SH,2010-02-01,4331.366
000905.SH,2010-02-02,4301.768
000905.SH,2010-02-03,4363.079
000905.SH,2010-02-04,4408.441
000905.SH,2010-02-05,4311.293
000905.SH,2010-02-08,4310.894
000905.SH,2010-02-09,4311.891
000905.SH,2010-02-10,4366.25
000905.SH,2010-02-11,4356.517
000905.SH,2010-02-12,4416.219
000905.SH,2010-02-22,4419.547
000905.SH,2010-02-23,4459.155
000905.SH,2010-02-24,4556.281
000905.SH,2010-02-25,4629.965
000905.SH,2010-02-26,4634.671
000905.SH,2010-03-01,4686.266
000905.SH,2010-03-02,4690.293
000905.SH,2010-03-03,4758.434
000905.SH,2010-03-04,4586.523
000905.SH,2010-03-05,4604.586
000905.SH,2010-03-08,4654.583
000905.SH,2010-03-09,4660.126
000905.SH,2010-03-10,4598.994
000905.SH,2010-03-11,4562.872
000905.SH,2010-03-12,4492.861
000905.SH,2010-03-15,4454.76
000905.SH,2010-03-16,4491.465
000905.SH,2010-03-17,4616.053
000905.SH,2010-03-18,4630.953
000905.SH,2010-03-19,4663.903
000905.SH,2010-03-22,4690.198
000905.SH,2010-03-23,4658.626
000905.SH,2010-03-24,4683.065
000905.SH,2010-03-25,4620.749
000905.SH,2010-03-26,4686.931
000905.SH,2010-03-29,4723.611
000905.SH,2010-03-30,4744.423
000905.SH,2010-03-31,4756.157
000905.SH,2010-04-01,4827.214
000905.SH,2010-04-02,4843.175
000905.SH,2010-04-06,4852.904
000905.SH,2010-04-07,4863.639
000905.SH,2010-04-08,4864.922
000905.SH,2010-04-09,4939.176
000905.SH,2010-04-12,4976.38
000905.SH,2010-04-13,4919.873
000905.SH,2010-04-14,4977.508
000905.SH,2010-04-15,4914.747
000905.SH,2010-04-16,4898.67
000905.SH,2010-04-19,4688.836
000905.SH,2010-04-20,4749.934
000905.SH,2010-04-21,4893.978
000905.SH,2010-04-22,4902.405
000905.SH,2010-04-23,4864.164
000905.SH,2010-04-26,4866.553
000905.SH,2010-04-27,4739.269
000905.SH,2010-04-28,4714.432
000905.SH,2010-04-29,4561.4
000905.SH,2010-04-30,4438.681
000905.SH,2010-05-04,4434.131
000905.SH,2010-05-05,4564.807
000905.SH,2010-05-06,4419.781
000905.SH,2010-05-07,4350.758
000905.SH,2010-05-10,4269.108
000905.SH,2010-05-11,4144.352
000905.SH,2010-05-12,4042.516
000905.SH,2010-05-13,4157.842
000905.SH,2010-05-14,4184.841
000905.SH,2010-05-17,3915.752
000905.SH,2010-05-18,3972.154
000905.SH,2010-05-19,3977.377
000905.SH,2010-05-20,3901.257
000905.SH,2010-05-21,3982.385
000905.SH,2010-05-24,4163.477
000905.SH,2010-05-25,4133.346
000905.SH,2010-05-26,4144.662
000905.SH,2010-05-27,4218.637
000905.SH,2010-05-28,4235.322
000905.SH,2010-05-31,4104.364
000905.SH,2010-06-01,4025.789
000905.SH,2010-06-02,4083.616
000905.SH,2010-06-03,4053.985
000905.SH,2010-06-04,4089.035
000905.SH,2010-06-07,4072.568
000905.SH,2010-06-08,4109.317
000905.SH,2010-06-09,4211.881
000905.SH,2010-06-10,4223.566
000905.SH,2010-06-11,4197.995
000905.SH,2010-06-17,4145.243
000905.SH,2010-06-18,3972.286
000905.SH,2010-06-21,4087.017
000905.SH,2010-06-22,4119.722
000905.SH,2010-06-23,4094.568
000905.SH,2010-06-24,4095.295
000905.SH,2010-06-25,4028.433
000905.SH,2010-06-28,3961.382
000905.SH,2010-06-29,3736.982
000905.SH,2010-06-30,3664.464
000905.SH,2010-07-01,3606.593
000905.SH,2010-07-02,3585.576
000905.SH,2010-07-05,3563.882
000905.SH,2010-07-06,3665.334
000905.SH,2010-07-07,3718.662
000905.SH,2010-07-08,3698.342
000905.SH,2010-07-09,3807.604
000905.SH,2010-07-12,3849.52
000905.SH,2010-07-13,3788.751
000905.SH,2010-07-14,3824.046
000905.SH,2010-07-15,3735.395
000905.SH,2010-07-16,3757.432
000905.SH,2010-07-19,3842.313
000905.SH,2010-07-20,3951.358
000905.SH,2010-07-21,3959.427
000905.SH,2010-07-22,4017.864
000905.SH,2010-07-23,4015.467
000905.SH,2010-07-26,4071.094
000905.SH,2010-07-27,4068.864
000905.SH,2010-07-28,4162.321
000905.SH,2010-07-29,4194.04
000905.SH,2010-07-30,4191.13
000905.SH,2010-08-02,4267.895
000905.SH,2010-08-03,4193.641
000905.SH,2010-08-04,4248.014
000905.SH,2010-08-05,4267.955
000905.SH,2010-08-06,4356.012
000905.SH,2010-08-09,4413.568
000905.SH,2010-08-10,4246.46
000905.SH,2010-08-11,4297.904
000905.SH,2010-08-12,4241.592
000905.SH,2010-08-13,4323.052
000905.SH,2010-08-16,4423.315
000905.SH,2010-08-17,4457.759
000905.SH,2010-08-18,4457.127
000905.SH,2010-08-19,4461.488
000905.SH,2010-08-20,4366.604
000905.SH,2010-08-23,4404.718
000905.SH,2010-08-24,4456.497
000905.SH,2010-08-25,4368.304
000905.SH,2010-08-26,4399.284
000905.SH,2010-08-27,4431.444
000905.SH,2010-08-30,4553.023
000905.SH,2010-08-31,4589.289
000905.SH,2010-09-01,4530.229
000905.SH,2010-09-02,4625.395
000905.SH,2010-09-03,4662.96
000905.SH,2010-09-06,4651.963
000905.SH,2010-09-07,4679.942
000905.SH,2010-09-08,4720.375
000905.SH,2010-09-09,4658.009
000905.SH,2010-09-10,4705.31
000905.SH,2010-09-13,4789.693
000905.SH,2010-09-14,4805.416
000905.SH,2010-09-15,4730.143
000905.SH,2010-09-16,4610.916
000905.SH,2010-09-17,4603.489
000905.SH,2010-09-20,4553.12
000905.SH,2010-09-21,4546.724
000905.SH,2010-09-27,4673.602
000905.SH,2010-09-28,4654.345
000905.SH,2010-09-29,4590.317
000905.SH,2010-09-30,4660.605
000905.SH,2010-10-08,4767.967
000905.SH,2010-10-11,4789.155
000905.SH,2010-10-12,4806.029
000905.SH,2010-10-13,4836.737
000905.SH,2010-10-14,4679.548
000905.SH,2010-10-15,4691.45
000905.SH,2010-10-18,4636.639
000905.SH,2010-10-19,4778.607
000905.SH,2010-10-20,4794.194
000905.SH,2010-10-21,4833.8
000905.SH,2010-10-22,4877.927
000905.SH,2010-10-25,4998.5
000905.SH,2010-10-26,5046.148
000905.SH,2010-10-27,4994.774
000905.SH,2010-10-28,4999.59
000905.SH,2010-10-29,5055.492
000905.SH,2010-11-01,5199.525
000905.SH,2010-11-02,5173.066
000905.SH,2010-11-03,5098.539
000905.SH,2010-11-04,5228.296
000905.SH,2010-11-05,5311.77
000905.SH,2010-11-08,5431.091
000905.SH,2010-11-09,5467.839
000905.SH,2010-11-10,5484.742
000905.SH,2010-11-11,5440.099
000905.SH,2010-11-12,5111.189
000905.SH,2010-11-15,5255.267
000905.SH,2010-11-16,5068.465
000905.SH,2010-11-17,4855.85
000905.SH,2010-11-18,4932.401
000905.SH,2010-11-19,5081.03
000905.SH,2010-11-22,5150.665
000905.SH,2010-11-23,5063.237
000905.SH,2010-11-24,5206.149
000905.SH,2010-11-25,5259.81
000905.SH,2010-11-26,5227.648
000905.SH,2010-11-29,5248.747
000905.SH,2010-11-30,5110.875
000905.SH,2010-12-01,5116.837
000905.SH,2010-12-02,5138.487
000905.SH,2010-12-03,5100.366
000905.SH,2010-12-06,5016.528
000905.SH,2010-12-07,5084.583
000905.SH,2010-12-08,5069.97
000905.SH,2010-12-09,4964.901
000905.SH,2010-12-10,5039.165
000905.SH,2010-12-13,5179.021
000905.SH,2010-12-14,5244.038
000905.SH,2010-12-15,5230.68
000905.SH,2010-12-16,5216.851
000905.SH,2010-12-17,5228.337
000905.SH,2010-12-20,5163.529
000905.SH,2010-12-21,5222.792
000905.SH,2010-12-22,5174.539
000905.SH,2010-12-23,5069.523
000905.SH,2010-12-24,4991.544
000905.SH,2010-12-27,4849.63
000905.SH,2010-12-28,4730.497
000905.SH,2010-12-29,4812.532
000905.SH,2010-12-30,4828.489
000905.SH,2010-12-31,4936.716
000905.SH,2011-01-04,5011.498
000905.SH,2011-01-05,5028.766
000905.SH,2011-01-06,5001.283
000905.SH,2011-01-07,4975.144
000905.SH,2011-01-10,4830.562
000905.SH,2011-01-11,4804.822
000905.SH,2011-01-12,4833.58
000905.SH,2011-01-13,4826.757
000905.SH,2011-01-14,4723.426
000905.SH,2011-01-17,4519.913
000905.SH,2011-01-18,4536.964
000905.SH,2011-01-19,4646.087
000905.SH,2011-01-20,4477.359
000905.SH,2011-01-21,4506.322
000905.SH,2011-01-24,4398.495
000905.SH,2011-01-25,4341.909
000905.SH,2011-01-26,4424.892
000905.SH,2011-01-27,4502.808
000905.SH,2011-01-28,4548.206
000905.SH,2011-01-31,4610.86
000905.SH,2011-02-01,4630.58
000905.SH,2011-02-09,4609.717
000905.SH,2011-02-10,4733.973
000905.SH,2011-02-11,4786.806
000905.SH,2011-02-14,4872.495
000905.SH,2011-02-15,4869.687
000905.SH,2011-02-16,4952.667
000905.SH,2011-02-17,4987.48
000905.SH,2011-02-18,4941.432
000905.SH,2011-02-21,5042.967
000905.SH,2011-02-22,4909.745
000905.SH,2011-02-23,4979.057
000905.SH,2011-02-24,5027.731
000905.SH,2011-02-25,5032.797
000905.SH,2011-02-28,5095.208
000905.SH,2011-03-01,5122.441
000905.SH,2011-03-02,5108.74
000905.SH,2011-03-03,5009.047
000905.SH,2011-03-04,5067.621
000905.SH,2011-03-07,5138.248
000905.SH,2011-03-08,5165.735
000905.SH,2011-03-09,5181.368
000905.SH,2011-03-10,5143.413
000905.SH,2011-03-11,5139.746
000905.SH,2011-03-14,5190.037
000905.SH,2011-03-15,5131.332
000905.SH,2011-03-16,5199.358
000905.SH,2011-03-17,5104.134
000905.SH,2011-03-18,5126.934
000905.SH,2011-03-21,5086.108
000905.SH,2011-03-22,5085.812
000905.SH,2011-03-23,5155.337
000905.SH,2011-03-24,5169.264
000905.SH,2011-03-25,5212.345
000905.SH,2011-03-28,5199.552
000905.SH,2011-03-29,5111.153
000905.SH,2011-03-30,5064.545
000905.SH,2011-03-31,5000.402
000905.SH,2011-04-01,5065.076
000905.SH,2011-04-06,5057.84
000905.SH,2011-04-07,5089.751
000905.SH,2011-04-08,5148.799
000905.SH,2011-04-11,5107.137
000905.SH,2011-04-12,5114.459
000905.SH,2011-04-13,5165.207
000905.SH,2011-04-14,5150.869
000905.SH,2011-04-15,5162.415
000905.SH,2011-04-18,5178.894
000905.SH,2011-04-19,5116.144
000905.SH,2011-04-20,5152.395
000905.SH,2011-04-21,5188.111
000905.SH,2011-04-22,5165.123
000905.SH,2011-04-25,5054.768
000905.SH,2011-04-26,4970.572
000905.SH,2011-04-27,4913.497
000905.SH,2011-04-28,4755.416
000905.SH,2011-04-29,4836.866
000905.SH,2011-05-03,4920.57
000905.SH,2011-05-04,4814.781
000905.SH,2011-05-05,4827.212
000905.SH,2011-05-06,4849.969
000905.SH,2011-05-09,4889.92
000905.SH,2011-05-10,4918.674
000905.SH,2011-05-11,4929.488
000905.SH,2011-05-12,4863.795
000905.SH,2011-05-13,4902.564
000905.SH,2011-05-16,4900.706
000905.SH,2011-05-17,4873.954
000905.SH,2011-05-18,4906.189
000905.SH,2011-05-19,4879.892
000905.SH,2011-05-20,4863.185
000905.SH,2011-05-23,4679.527
000905.SH,2011-05-24,4672.076
000905.SH,2011-05-25,4618.748
000905.SH,2011-05-26,4572.942
000905.SH,2011-05-27,4428.894
000905.SH,2011-05-30,4345.048
000905.SH,2011-05-31,4444.276
000905.SH,2011-06-01,4490.892
000905.SH,2011-06-02,4429.999
000905.SH,2011-06-03,4506.196
000905.SH,2011-06-07,4547.303
000905.SH,2011-06-08,4562.972
000905.SH,2011-06-09,4456.73
000905.SH,2011-06-10,4469.049
000905.SH,2011-06-13,4468.787
000905.SH,2011-06-14,4540.939
000905.SH,2011-06-15,4499.694
000905.SH,2011-06-16,4402.143
000905.SH,2011-06-17,4337.367
000905.SH,2011-06-20,4278.753
000905.SH,2011-06-21,4338.422
000905.SH,2011-06-22,4321.219
000905.SH,2011-06-23,4402.938
000905.SH,2011-06-24,4509.18
000905.SH,2011-06-27,4568.189
000905.SH,2011-06-28,4574.477
000905.SH,2011-06-29,4511.545
000905.SH,2011-06-30,4579.332
000905.SH,2011-07-01,4604.746
000905.SH,2011-07-04,4719.391
000905.SH,2011-07-05,4749.424
000905.SH,2011-07-06,4760.917
000905.SH,2011-07-07,4761.452
000905.SH,2011-07-08,4756.614
000905.SH,2011-07-11,4799.42
000905.SH,2011-07-12,4731.118
000905.SH,2011-07-13,4825.419
000905.SH,2011-07-14,4866.165
000905.SH,2011-07-15,4896.043
000905.SH,2011-07-18,4895.26
000905.SH,2011-07-19,4843.705
000905.SH,2011-07-20,4849.057
000905.SH,2011-07-21,4784.388
000905.SH,2011-07-22,4800.938
000905.SH,2011-07-25,4613.73
000905.SH,2011-07-26,4633.372
000905.SH,2011-07-27,4710.379
000905.SH,2011-07-28,4680.898
000905.SH,2011-07-29,4628.32
000905.SH,2011-08-01,4644.462
000905.SH,2011-08-02,4610.783
000905.SH,2011-08-03,4625.173
000905.SH,2011-08-04,4649.425
000905.SH,2011-08-05,4559.018
000905.SH,2011-08-08,4330.771
000905.SH,2011-08-09,4317.107
000905.SH,2011-08-10,4378.698
000905.SH,2011-08-11,4454.394
000905.SH,2011-08-12,4505.886
000905.SH,2011-08-15,4571.719
000905.SH,2011-08-16,4533.321
000905.SH,2011-08-17,4513.485
000905.SH,2011-08-18,4436.101
000905.SH,2011-08-19,4395.019
000905.SH,2011-08-22,4363.959
000905.SH,2011-08-23,4434.922
000905.SH,2011-08-24,4427.978
000905.SH,2011-08-25,4520.171
000905.SH,2011-08-26,4530.423
000905.SH,2011-08-29,4490.158
000905.SH,2011-08-30,4451.726
000905.SH,2011-08-31,4430.538
000905.SH,2011-09-01,4395.069
000905.SH,2011-09-02,4344.977
000905.SH,2011-09-05,4238.069
000905.SH,2011-09-06,4204.908
000905.SH,2011-09-07,4306.361
000905.SH,2011-09-08,4260.155
000905.SH,2011-09-09,4233.748
000905.SH,2011-09-13,4164.288
000905.SH,2011-09-14,4212.129
000905.SH,2011-09-15,4215.5
000905.SH,2011-09-16,4214.816
000905.SH,2011-09-19,4131.885
000905.SH,2011-09-20,4151.851
000905.SH,2011-09-21,4275.094
000905.SH,2011-09-22,4151.8
000905.SH,2011-09-23,4117.735
000905.SH,2011-09-26,4051.425
000905.SH,2011-09-27,4068.231
000905.SH,2011-09-28,3999.782
000905.SH,2011-09-29,3871.06
000905.SH,2011-09-30,3856.828
000905.SH,2011-10-10,3832.577
000905.SH,2011-10-11,3817.927
000905.SH,2011-10-12,3950.655
000905.SH,2011-10-13,4001.853
000905.SH,2011-10-14,3985.193
000905.SH,2011-10-17,3997.121
000905.SH,2011-10-18,3877.024
000905.SH,2011-10-19,3854.169
000905.SH,2011-10-20,3740.469
000905.SH,2011-10-21,3671.695
000905.SH,2011-10-24,3736.765
000905.SH,2011-10-25,3842.978
000905.SH,2011-10-26,3884.39
000905.SH,2011-10-27,3888.992
000905.SH,2011-10-28,3978.8
000905.SH,2011-10-31,3999.362
000905.SH,2011-11-01,3999.831
000905.SH,2011-11-02,4072.781
000905.SH,2011-11-03,4097.618
000905.SH,2011-11-04,4131.13
000905.SH,2011-11-07,4114.767
000905.SH,2011-11-08,4057.555
000905.SH,2011-11-09,4126.003
000905.SH,2011-11-10,4064.371
000905.SH,2011-11-11,4062.144
000905.SH,2011-11-14,4159.567
000905.SH,2011-11-15,4192.665
000905.SH,2011-11-16,4088.323
000905.SH,2011-11-17,4079.536
000905.SH,2011-11-18,3963.258
000905.SH,2011-11-21,3966.636
000905.SH,2011-11-22,3957.93
000905.SH,2011-11-23,3942.695
000905.SH,2011-11-24,3935.273
000905.SH,2011-11-25,3911.356
000905.SH,2011-11-28,3915.298
000905.SH,2011-11-29,3980.618
000905.SH,2011-11-30,3819.942
000905.SH,2011-12-01,3897.019
000905.SH,2011-12-02,3817.041
000905.SH,2011-12-05,3692.227
000905.SH,2011-12-06,3691.804
000905.SH,2011-12-07,3702.103
000905.SH,2011-12-08,3700.089
000905.SH,2011-12-09,3663.843
000905.SH,2011-12-12,3616.087
000905.SH,2011-12-13,3490.4
000905.SH,2011-12-14,3423.474
000905.SH,2011-12-15,3329.575
000905.SH,2011-12-16,3427.214
000905.SH,2011-12-19,3434.845
000905.SH,2011-12-20,3424.448
000905.SH,2011-12-21,3342.401
000905.SH,2011-12-22,3298.724
000905.SH,2011-12-23,3327.394
000905.SH,2011-12-26,3308.072
000905.SH,2011-12-27,3224.148
000905.SH,2011-12-28,3207.399
000905.SH,2011-12-29,3207.181
000905.SH,2011-12-30,3266.775
000905.SH,2012-01-04,3192.234
000905.SH,2012-01-05,3074.368
000905.SH,2012-01-06,3087.546
000905.SH,2012-01-09,3212.904
000905.SH,2012-01-10,3345.391
000905.SH,2012-01-11,3346.742
000905.SH,2012-01-12,3345.812
000905.SH,2012-01-13,3233.701
000905.SH,2012-01-16,3130.558
000905.SH,2012-01-17,3304.88
000905.SH,2012-01-18,3237.852
000905.SH,2012-01-19,3270.765
000905.SH,2012-01-20,3315.603
000905.SH,2012-01-30,3292.409
000905.SH,2012-01-31,3294.494
000905.SH,2012-02-01,3266.234
000905.SH,2012-02-02,3328.153
000905.SH,2012-02-03,3383.05
000905.SH,2012-02-06,3412.405
000905.SH,2012-02-07,3356.838
000905.SH,2012-02-08,3445.52
000905.SH,2012-02-09,3469.846
000905.SH,2012-02-10,3488.229
000905.SH,2012-02-13,3519.875
000905.SH,2012-02-14,3524.625
000905.SH,2012-02-15,3578.149
000905.SH,2012-02-16,3577.202
000905.SH,2012-02-17,3565.306
000905.SH,2012-02-20,3574.458
000905.SH,2012-02-21,3618.302
000905.SH,2012-02-22,3689.004
000905.SH,2012-02-23,3700.888
000905.SH,2012-02-24,3756.825
000905.SH,2012-02-27,3764.326
000905.SH,2012-02-28,3745.58
000905.SH,2012-02-29,3696.144
000905.SH,2012-03-01,3715.673
000905.SH,2012-03-02,3794.416
000905.SH,2012-03-05,3798.377
000905.SH,2012-03-06,3760.585
000905.SH,2012-03-07,3732.707
000905.SH,2012-03-08,3791.827
000905.SH,2012-03-09,3848.108
000905.SH,2012-03-12,3871.12
000905.SH,2012-03-13,3910.064
000905.SH,2012-03-14,3734.317
000905.SH,2012-03-15,3689.014
000905.SH,2012-03-16,3786.617
000905.SH,2012-03-19,3829.696
000905.SH,2012-03-20,3746.284
000905.SH,2012-03-21,3760.047
000905.SH,2012-03-22,3742.388
000905.SH,2012-03-23,3670.129
000905.SH,2012-03-26,3666.279
000905.SH,2012-03-27,3652.876
000905.SH,2012-03-28,3490.007
000905.SH,2012-03-29,3425.702
000905.SH,2012-03-30,3416.856
000905.SH,2012-04-05,3531.549
000905.SH,2012-04-06,3554.027
000905.SH,2012-04-09,3512.914
000905.SH,2012-04-10,3554.038
000905.SH,2012-04-11,3566.476
000905.SH,2012-04-12,3640.407
000905.SH,2012-04-13,3675.028
000905.SH,2012-04-16,3685.481
000905.SH,2012-04-17,3631.556
000905.SH,2012-04-18,3714.02
000905.SH,2012-04-19,3704.705
000905.SH,2012-04-20,3736.365
000905.SH,2012-04-23,3691.574
000905.SH,2012-04-24,3666.395
000905.SH,2012-04-25,3718.911
000905.SH,2012-04-26,3700.028
000905.SH,2012-04-27,3664.638
000905.SH,2012-05-02,3718.259
000905.SH,2012-05-03,3733.816
000905.SH,2012-05-04,3758.004
000905.SH,2012-05-07,3784.556
000905.SH,2012-05-08,3783.472
000905.SH,2012-05-09,3717.47
000905.SH,2012-05-10,3731.131
000905.SH,2012-05-11,3715.385
000905.SH,2012-05-14,3710.097
000905.SH,2012-05-15,3705.883
000905.SH,2012-05-16,3660.312
000905.SH,2012-05-17,3714.186
000905.SH,2012-05-18,3655.858
000905.SH,2012-05-21,3653.546
000905.SH,2012-05-22,3711.055
000905.SH,2012-05-23,3708.919
000905.SH,2012-05-24,3678.093
000905.SH,2012-05-25,3635.516
000905.SH,2012-05-28,3687.455
000905.SH,2012-05-29,3745.678
000905.SH,2012-05-30,3752.219
000905.SH,2012-05-31,3753.593
000905.SH,2012-06-01,3744.437
000905.SH,2012-06-04,3621.808
000905.SH,2012-06-05,3617.614
000905.SH,2012-06-06,3600.163
000905.SH,2012-06-07,3581.137
000905.SH,2012-06-08,3564.158
000905.SH,2012-06-11,3630.314
000905.SH,2012-06-12,3608.391
000905.SH,2012-06-13,3674.875
000905.SH,2012-06-14,3652.705
000905.SH,2012-06-15,3648.994
000905.SH,2012-06-18,3684.727
000905.SH,2012-06-19,3657.958
000905.SH,2012-06-20,3636.09
000905.SH,2012-06-21,3590.837
000905.SH,2012-06-25,3493.116
000905.SH,2012-06-26,3489.972
000905.SH,2012-06-27,3476.403
000905.SH,2012-06-28,3427.819
000905.SH,2012-06-29,3470.965
000905.SH,2012-07-02,3509.503
000905.SH,2012-07-03,3515.778
000905.SH,2012-07-04,3497.748
000905.SH,2012-07-05,3418.202
000905.SH,2012-07-06,3486.546
000905.SH,2012-07-09,3398.805
000905.SH,2012-07-10,3365.665
000905.SH,2012-07-11,3404.104
000905.SH,2012-07-12,3450.302
000905.SH,2012-07-13,3435.084
000905.SH,2012-07-16,3311.089
000905.SH,2012-07-17,3334.286
000905.SH,2012-07-18,3352.848
000905.SH,2012-07-19,3392.656
000905.SH,2012-07-20,3369.913
000905.SH,2012-07-23,3337.856
000905.SH,2012-07-24,3361.09
000905.SH,2012-07-25,3332.085
000905.SH,2012-07-26,3302.336
000905.SH,2012-07-27,3283.592
000905.SH,2012-07-30,3217.452
000905.SH,2012-07-31,3159.192
000905.SH,2012-08-01,3216.184
000905.SH,2012-08-02,3195.863
000905.SH,2012-08-03,3259.856
000905.SH,2012-08-06,3337.267
000905.SH,2012-08-07,3368.252
000905.SH,2012-08-08,3356.485
000905.SH,2012-08-09,3405.058
000905.SH,2012-08-10,3395.849
000905.SH,2012-08-13,3318.1
000905.SH,2012-08-14,3349.585
000905.SH,2012-08-15,3310.839
000905.SH,2012-08-16,3286.828
000905.SH,2012-08-17,3286.778
000905.SH,2012-08-20,3289.439
000905.SH,2012-08-21,3335.753
000905.SH,2012-08-22,3306.111
000905.SH,2012-08-23,3327.99
000905.SH,2012-08-24,3265.749
000905.SH,2012-08-27,3184.331
000905.SH,2012-08-28,3200.993
000905.SH,2012-08-29,3179.54
000905.SH,2012-08-30,3129.495
000905.SH,2012-08-31,3139.5
000905.SH,2012-09-03,3200.306
000905.SH,2012-09-04,3164.826
000905.SH,2012-09-05,3181.8
000905.SH,2012-09-06,3217.936
000905.SH,2012-09-07,3334.66
000905.SH,2012-09-10,3363.605
000905.SH,2012-09-11,3350.088
000905.SH,2012-09-12,3376.122
000905.SH,2012-09-13,3329.299
000905.SH,2012-09-14,3338.038
000905.SH,2012-09-17,3237.704
000905.SH,2012-09-18,3224.259
000905.SH,2012-09-19,3255.866
000905.SH,2012-09-20,3161.763
000905.SH,2012-09-21,3143.71
000905.SH,2012-09-24,3167.161
000905.SH,2012-09-25,3144.408
000905.SH,2012-09-26,3071.989
000905.SH,2012-09-27,3141.082
000905.SH,2012-09-28,3199.752
000905.SH,2012-10-08,3183.365
000905.SH,2012-10-09,3265.617
000905.SH,2012-10-10,3296.923
000905.SH,2012-10-11,3248.045
000905.SH,2012-10-12,3240.399
000905.SH,2012-10-15,3223.189
000905.SH,2012-10-16,3233.229
000905.SH,2012-10-17,3240.778
000905.SH,2012-10-18,3294.835
000905.SH,2012-10-19,3285.445
000905.SH,2012-10-22,3298.488
000905.SH,2012-10-23,3259.067
000905.SH,2012-10-24,3257.921
000905.SH,2012-10-25,3226.172
000905.SH,2012-10-26,3163.295
000905.SH,2012-10-29,3158.943
000905.SH,2012-10-30,3160.687
000905.SH,2012-10-31,3168.097
000905.SH,2012-11-01,3228.19
000905.SH,2012-11-02,3249.552
000905.SH,2012-11-05,3235.352
000905.SH,2012-11-06,3213.26
000905.SH,2012-11-07,3209.141
000905.SH,2012-11-08,3129.568
000905.SH,2012-11-09,3116.978
000905.SH,2012-11-12,3136.308
000905.SH,2012-11-13,3072.121
000905.SH,2012-11-14,3081.254
000905.SH,2012-11-15,3026.844
000905.SH,2012-11-16,3009.153
000905.SH,2012-11-19,3016.159
000905.SH,2012-11-20,3004.183
000905.SH,2012-11-21,3035.282
000905.SH,2012-11-22,2995.093
000905.SH,2012-11-23,3005.459
000905.SH,2012-11-26,2970.323
000905.SH,2012-11-27,2864.169
000905.SH,2012-11-28,2800.537
000905.SH,2012-11-29,2774.176
000905.SH,2012-11-30,2816.624
000905.SH,2012-12-03,2749.134
000905.SH,2012-12-04,2783.412
000905.SH,2012-12-05,2886.186
000905.SH,2012-12-06,2884.348
000905.SH,2012-12-07,2950.193
000905.SH,2012-12-10,3002.231
000905.SH,2012-12-11,2982.027
000905.SH,2012-12-12,2982.885
000905.SH,2012-12-13,2943.276
000905.SH,2012-12-14,3066.231
000905.SH,2012-12-17,3091.875
000905.SH,2012-12-18,3086.584
000905.SH,2012-12-19,3099.092
000905.SH,2012-12-20,3108.86
000905.SH,2012-12-21,3101.074
000905.SH,2012-12-24,3117.698
000905.SH,2012-12-25,3189.088
000905.SH,2012-12-26,3228.675
000905.SH,2012-12-27,3199.481
000905.SH,2012-12-28,3235.195
000905.SH,2012-12-31,3275.86
000905.SH,2013-01-04,3258.251
000905.SH,2013-01-07,3288.369
000905.SH,2013-01-08,3327.04
000905.SH,2013-01-09,3334.987
000905.SH,2013-01-10,3356.35
000905.SH,2013-01-11,3271.179
000905.SH,2013-01-14,3384.745
000905.SH,2013-01-15,3450.682
000905.SH,2013-01-16,3450.56
000905.SH,2013-01-17,3408.022
000905.SH,2013-01-18,3464.645
000905.SH,2013-01-21,3491.122
000905.SH,2013-01-22,3435.434
000905.SH,2013-01-23,3441.745
000905.SH,2013-01-24,3369.732
000905.SH,2013-01-25,3364.061
000905.SH,2013-01-28,3449.794
000905.SH,2013-01-29,3482.519
000905.SH,2013-01-30,3500.578
000905.SH,2013-01-31,3479.638
000905.SH,2013-02-01,3507.709
000905.SH,2013-02-04,3484.362
000905.SH,2013-02-05,3520.646
000905.SH,2013-02-06,3544.385
000905.SH,2013-02-07,3557.667
000905.SH,2013-02-08,3608.589
000905.SH,2013-02-18,3627.776
000905.SH,2013-02-19,3561.357
000905.SH,2013-02-20,3635.375
000905.SH,2013-02-21,3560.317
000905.SH,2013-02-22,3548.358
000905.SH,2013-02-25,3587.587
000905.SH,2013-02-26,3533.204
000905.SH,2013-02-27,3535.896
000905.SH,2013-02-28,3608.199
000905.SH,2013-03-01,3648.422
000905.SH,2013-03-04,3518.717
000905.SH,2013-03-05,3597.922
000905.SH,2013-03-06,3653.934
000905.SH,2013-03-07,3609.64
000905.SH,2013-03-08,3570.38
000905.SH,2013-03-11,3571.105
000905.SH,2013-03-12,3481.175
000905.SH,2013-03-13,3449.35
000905.SH,2013-03-14,3464.854
000905.SH,2013-03-15,3471.214
000905.SH,2013-03-18,3427.12
000905.SH,2013-03-19,3438.072
000905.SH,2013-03-20,3527.772
000905.SH,2013-03-21,3565.02
000905.SH,2013-03-22,3579.92
000905.SH,2013-03-25,3568.523
000905.SH,2013-03-26,3543.812
000905.SH,2013-03-27,3552.257
000905.SH,2013-03-28,3448.977
000905.SH,2013-03-29,3447.285
000905.SH,2013-04-01,3470.96
000905.SH,2013-04-02,3428.5
000905.SH,2013-04-03,3397.232
000905.SH,2013-04-08,3411.13
000905.SH,2013-04-09,3444.371
000905.SH,2013-04-10,3437.267
000905.SH,2013-04-11,3423.217
000905.SH,2013-04-12,3394.517
000905.SH,2013-04-15,3346.851
000905.SH,2013-04-16,3383.081
000905.SH,2013-04-17,3412.416
000905.SH,2013-04-18,3423.012
000905.SH,2013-04-19,3495.242
000905.SH,2013-04-22,3511.624
000905.SH,2013-04-23,3416.449
000905.SH,2013-04-24,3484.568
000905.SH,2013-04-25,3431.401
000905.SH,2013-04-26,3367.766
000905.SH,2013-05-02,3383.398
000905.SH,2013-05-03,3448.64
000905.SH,2013-05-06,3514.457
000905.SH,2013-05-07,3521.477
000905.SH,2013-05-08,3553.848
000905.SH,2013-05-09,3555.769
000905.SH,2013-05-10,3577.327
000905.SH,2013-05-13,3590.758
000905.SH,2013-05-14,3549.303
000905.SH,2013-05-15,3597.106
000905.SH,2013-05-16,3635.755
000905.SH,2013-05-17,3691.399
000905.SH,2013-05-20,3737.748
000905.SH,2013-05-21,3787.059
000905.SH,2013-05-22,3755.874
000905.SH,2013-05-23,3724.229
000905.SH,2013-05-24,3782.071
000905.SH,2013-05-27,3820.427
000905.SH,2013-05-28,3827.782
000905.SH,2013-05-29,3856.319
000905.SH,2013-05-30,3865.134
000905.SH,2013-05-31,3841.218
000905.SH,2013-06-03,3814.51
000905.SH,2013-06-04,3739.724
000905.SH,2013-06-05,3755.148
000905.SH,2013-06-06,3688.736
000905.SH,2013-06-07,3616.21
000905.SH,2013-06-13,3515.05
000905.SH,2013-06-14,3584.978
000905.SH,2013-06-17,3593.371
000905.SH,2013-06-18,3605.758
000905.SH,2013-06-19,3583.298
000905.SH,2013-06-20,3465.004
000905.SH,2013-06-21,3446.483
000905.SH,2013-06-24,3232.962
000905.SH,2013-06-25,3219.134
000905.SH,2013-06-26,3285.818
000905.SH,2013-06-27,3233.222
000905.SH,2013-06-28,3235.978
000905.SH,2013-07-01,3304.591
000905.SH,2013-07-02,3359.053
000905.SH,2013-07-03,3364.184
000905.SH,2013-07-04,3390.488
000905.SH,2013-07-05,3371.529
000905.SH,2013-07-08,3240.477
000905.SH,2013-07-09,3259.911
000905.SH,2013-07-10,3361.395
000905.SH,2013-07-11,3455.884
000905.SH,2013-07-12,3425.135
000905.SH,2013-07-15,3493.441
000905.SH,2013-07-16,3536.313
000905.SH,2013-07-17,3485.074
000905.SH,2013-07-18,3481.201
000905.SH,2013-07-19,3394.306
000905.SH,2013-07-22,3461.281
000905.SH,2013-07-23,3544.966
000905.SH,2013-07-24,3566.282
000905.SH,2013-07-25,3498.242
000905.SH,2013-07-26,3494.159
000905.SH,2013-07-29,3426.593
000905.SH,2013-07-30,3411.219
000905.SH,2013-07-31,3430.743
000905.SH,2013-08-01,3521.152
000905.SH,2013-08-02,3533.609
000905.SH,2013-08-05,3592.538
000905.SH,2013-08-06,3631.124
000905.SH,2013-08-07,3596.318
000905.SH,2013-08-08,3605.85
000905.SH,2013-08-09,3618.744
000905.SH,2013-08-12,3676.195
000905.SH,2013-08-13,3695.552
000905.SH,2013-08-14,3681.082
000905.SH,2013-08-15,3631.321
000905.SH,2013-08-16,3554.348
000905.SH,2013-08-19,3609.028
000905.SH,2013-08-20,3599.637
000905.SH,2013-08-21,3627.501
000905.SH,2013-08-22,3636.469
000905.SH,2013-08-23,3627.97
000905.SH,2013-08-26,3703.593
000905.SH,2013-08-27,3732.098
000905.SH,2013-08-28,3703.92
000905.SH,2013-08-29,3701.083
000905.SH,2013-08-30,3664.148
000905.SH,2013-09-02,3689.959
000905.SH,2013-09-03,3744.871
000905.SH,2013-09-04,3755.239
000905.SH,2013-09-05,3762.569
000905.SH,2013-09-06,3792.832
000905.SH,2013-09-09,3831.927
000905.SH,2013-09-10,3870.923
000905.SH,2013-09-11,3834.258
000905.SH,2013-09-12,3845.068
000905.SH,2013-09-13,3849.82
000905.SH,2013-09-16,3854.207
000905.SH,2013-09-17,3786.292
000905.SH,2013-09-18,3822.123
000905.SH,2013-09-23,3899.625
000905.SH,2013-09-24,3903.518
000905.SH,2013-09-25,3889.221
000905.SH,2013-09-26,3808.216
000905.SH,2013-09-27,3822.758
000905.SH,2013-09-30,3872.893
000905.SH,2013-10-08,3938.068
000905.SH,2013-10-09,3981.058
000905.SH,2013-10-10,3959.63
000905.SH,2013-10-11,4026.916
000905.SH,2013-10-14,4068.32
000905.SH,2013-10-15,4074.083
000905.SH,2013-10-16,3963.212
000905.SH,2013-10-17,3956.965
000905.SH,2013-10-18,3970.641
000905.SH,2013-10-21,4069.033
000905.SH,2013-10-22,4026.516
000905.SH,2013-10-23,3924.219
000905.SH,2013-10-24,3898.156
000905.SH,2013-10-25,3821.779
000905.SH,2013-10-28,3808.703
000905.SH,2013-10-29,3703.86
000905.SH,2013-10-30,3764.453
000905.SH,2013-10-31,3713.829
000905.SH,2013-11-01,3702.445
000905.SH,2013-11-04,3728.188
000905.SH,2013-11-05,3777.404
000905.SH,2013-11-06,3737.106
000905.SH,2013-11-07,3685.04
000905.SH,2013-11-08,3629.94
000905.SH,2013-11-11,3645.84
000905.SH,2013-11-12,3680.536
000905.SH,2013-11-13,3611.76
000905.SH,2013-11-14,3659.83
000905.SH,2013-11-15,3736.452
000905.SH,2013-11-18,3827.882
000905.SH,2013-11-19,3840.365
000905.SH,2013-11-20,3878.584
000905.SH,2013-11-21,3865.41
000905.SH,2013-11-22,3842.756
000905.SH,2013-11-25,3839.602
000905.SH,2013-11-26,3845.676
000905.SH,2013-11-27,3889.755
000905.SH,2013-11-28,3922.666
000905.SH,2013-11-29,3946.383
000905.SH,2013-12-02,3770.865
000905.SH,2013-12-03,3859.955
000905.SH,2013-12-04,3932.998
000905.SH,2013-12-05,3928.724
000905.SH,2013-12-06,3918.783
000905.SH,2013-12-09,3947.704
000905.SH,2013-12-10,3950.486
000905.SH,2013-12-11,3906.78
000905.SH,2013-12-12,3916.962
000905.SH,2013-12-13,3925.434
000905.SH,2013-12-16,3857.715
000905.SH,2013-12-17,3834.027
000905.SH,2013-12-18,3834.045
000905.SH,2013-12-19,3795.023
000905.SH,2013-12-20,3747.002
000905.SH,2013-12-23,3742.738
000905.SH,2013-12-24,3768.703
000905.SH,2013-12-25,3808.453
000905.SH,2013-12-26,3743.132
000905.SH,2013-12-27,3800.774
000905.SH,2013-12-30,3813.003
000905.SH,2013-12-31,3829.096
000905.SH,2014-01-02,3847.879
000905.SH,2014-01-03,3816.316
000905.SH,2014-01-06,3710.898
000905.SH,2014-01-07,3733.662
000905.SH,2014-01-08,3738.205
000905.SH,2014-01-09,3696.023
000905.SH,2014-01-10,3628.634
000905.SH,2014-01-13,3612.02
000905.SH,2014-01-14,3683.534
000905.SH,2014-01-15,3708.142
000905.SH,2014-01-16,3714.314
000905.SH,2014-01-17,3671.915
000905.SH,2014-01-20,3644.125
000905.SH,2014-01-21,3700.108
000905.SH,2014-01-22,3799.042
000905.SH,2014-01-23,3825.486
000905.SH,2014-01-24,3882.668
000905.SH,2014-01-27,3881.947
000905.SH,2014-01-28,3873.81
000905.SH,2014-01-29,3908.45
000905.SH,2014-01-30,3885.416
000905.SH,2014-02-07,3957.671
000905.SH,2014-02-10,4074.63
000905.SH,2014-02-11,4080.378
000905.SH,2014-02-12,4125.412
000905.SH,2014-02-13,4064.423
000905.SH,2014-02-14,4134.16
000905.SH,2014-02-17,4212.745
000905.SH,2014-02-18,4207.699
000905.SH,2014-02-19,4207.994
000905.SH,2014-02-20,4149.071
000905.SH,2014-02-21,4121.917
000905.SH,2014-02-24,4105.792
000905.SH,2014-02-25,3961.439
000905.SH,2014-02-26,3987.48
000905.SH,2014-02-27,3934.727
000905.SH,2014-02-28,3975.929
000905.SH,2014-03-03,4058.799
000905.SH,2014-03-04,4059.567
000905.SH,2014-03-05,4037.784
000905.SH,2014-03-06,4032.756
000905.SH,2014-03-07,4012.447
000905.SH,2014-03-10,3860.244
000905.SH,2014-03-11,3864.26
000905.SH,2014-03-12,3865.662
000905.SH,2014-03-13,3907.146
000905.SH,2014-03-14,3888.975
000905.SH,2014-03-17,3967.15
000905.SH,2014-03-18,3989.201
000905.SH,2014-03-19,3980.673
000905.SH,2014-03-20,3876.578
000905.SH,2014-03-21,3952.392
000905.SH,2014-03-24,3985.861
000905.SH,2014-03-25,3991.144
000905.SH,2014-03-26,4001.502
000905.SH,2014-03-27,3944.044
000905.SH,2014-03-28,3865.295
000905.SH,2014-03-31,3840.536
000905.SH,2014-04-01,3899.488
000905.SH,2014-04-02,3902.043
000905.SH,2014-04-03,3896.28
000905.SH,2014-04-04,3939.229
000905.SH,2014-04-08,3981.625
000905.SH,2014-04-09,4018.547
000905.SH,2014-04-10,4038.84
000905.SH,2014-04-11,4021.194
000905.SH,2014-04-14,4051.33
000905.SH,2014-04-15,4021.906
000905.SH,2014-04-16,4019.883
000905.SH,2014-04-17,4014.94
000905.SH,2014-04-18,4029.262
000905.SH,2014-04-21,3965.337
000905.SH,2014-04-22,3947.169
000905.SH,2014-04-23,3929.168
000905.SH,2014-04-24,3884.811
000905.SH,2014-04-25,3800.681
000905.SH,2014-04-28,3684.593
000905.SH,2014-04-29,3738.926
000905.SH,2014-04-30,3766.17
000905.SH,2014-05-05,3798.288
000905.SH,2014-05-06,3817.98
000905.SH,2014-05-07,3749.965
000905.SH,2014-05-08,3754.011
000905.SH,2014-05-09,3716.022
000905.SH,2014-05-12,3812.758
000905.SH,2014-05-13,3806.89
000905.SH,2014-05-14,3803.803
000905.SH,2014-05-15,3732.337
000905.SH,2014-05-16,3726.656
000905.SH,2014-05-19,3705.364
000905.SH,2014-05-20,3715.71
000905.SH,2014-05-21,3747.334
000905.SH,2014-05-22,3746.14
000905.SH,2014-05-23,3786.563
000905.SH,2014-05-26,3827.487
000905.SH,2014-05-27,3818.322
000905.SH,2014-05-28,3861.588
000905.SH,2014-05-29,3821.867
000905.SH,2014-05-30,3829.238
000905.SH,2014-06-03,3822.716
000905.SH,2014-06-04,3789.294
000905.SH,2014-06-05,3832.055
000905.SH,2014-06-06,3818.333
000905.SH,2014-06-09,3797.429
000905.SH,2014-06-10,3840.019
000905.SH,2014-06-11,3858.051
000905.SH,2014-06-12,3850.113
000905.SH,2014-06-13,3891.557
000905.SH,2014-06-16,3914.981
000905.SH,2014-06-17,3879.344
000905.SH,2014-06-18,3858.099
000905.SH,2014-06-19,3755.694
000905.SH,2014-06-20,3789.342
000905.SH,2014-06-23,3815.879
000905.SH,2014-06-24,3839.203
000905.SH,2014-06-25,3814.03
000905.SH,2014-06-26,3861.95
000905.SH,2014-06-27,3889.323
000905.SH,2014-06-30,3924.903
000905.SH,2014-07-01,3951.726
000905.SH,2014-07-02,3979.31
000905.SH,2014-07-03,4019.647
000905.SH,2014-07-04,4004.561
000905.SH,2014-07-07,4014.488
000905.SH,2014-07-08,4039.707
000905.SH,2014-07-09,3982.404
000905.SH,2014-07-10,3982.198
000905.SH,2014-07-11,4029.751
000905.SH,2014-07-14,4090.802
000905.SH,2014-07-15,4093.113
000905.SH,2014-07-16,4062.119
000905.SH,2014-07-17,4031.44
000905.SH,2014-07-18,4042.521
000905.SH,2014-07-21,4030.242
000905.SH,2014-07-22,4083.288
000905.SH,2014-07-23,4057.113
000905.SH,2014-07-24,4054.223
000905.SH,2014-07-25,4089.801
000905.SH,2014-07-28,4168.373
000905.SH,2014-07-29,4207.862
000905.SH,2014-07-30,4214.836
000905.SH,2014-07-31,4257.045
000905.SH,2014-08-01,4210.219
000905.SH,2014-08-04,4278.847
000905.SH,2014-08-05,4300.12
000905.SH,2014-08-06,4328.601
000905.SH,2014-08-07,4286.09
000905.SH,2014-08-08,4311.697
000905.SH,2014-08-11,4377.018
000905.SH,2014-08-12,4399.806
000905.SH,2014-08-13,4401.809
000905.SH,2014-08-14,4373.504
000905.SH,2014-08-15,4423.636
000905.SH,2014-08-18,4483.544
000905.SH,2014-08-19,4496.938
000905.SH,2014-08-20,4497.399
000905.SH,2014-08-21,4495.44
000905.SH,2014-08-22,4521.752
000905.SH,2014-08-25,4487.142
000905.SH,2014-08-26,4407.588
000905.SH,2014-08-27,4421.212
000905.SH,2014-08-28,4381.494
000905.SH,2014-08-29,4427.879
000905.SH,2014-09-01,4507.442
000905.SH,2014-09-02,4576.12
000905.SH,2014-09-03,4608.557
000905.SH,2014-09-04,4647.886
000905.SH,2014-09-05,4666.474
000905.SH,2014-09-09,4701.699
000905.SH,2014-09-10,4709.909
000905.SH,2014-09-11,4704.942
000905.SH,2014-09-12,4756.949
000905.SH,2014-09-15,4807.555
000905.SH,2014-09-16,4645.546
000905.SH,2014-09-17,4686.047
000905.SH,2014-09-18,4719.009
000905.SH,2014-09-19,4758.727
000905.SH,2014-09-22,4694.229
000905.SH,2014-09-23,4754.472
000905.SH,2014-09-24,4815.71
000905.SH,2014-09-25,4814.735
000905.SH,2014-09-26,4829.935
000905.SH,2014-09-29,4877.435
000905.SH,2014-09-30,4916.119
000905.SH,2014-10-08,4993.531
000905.SH,2014-10-09,5004.001
000905.SH,2014-10-10,4981.853
000905.SH,2014-10-13,4982.681
000905.SH,2014-10-14,4966.083
000905.SH,2014-10-15,4987.707
000905.SH,2014-10-16,4906.244
000905.SH,2014-10-17,4860.732
000905.SH,2014-10-20,4929.16
000905.SH,2014-10-21,4884.024
000905.SH,2014-10-22,4825.609
000905.SH,2014-10-23,4755.231
000905.SH,2014-10-24,4774.666
000905.SH,2014-10-27,4809.518
000905.SH,2014-10-28,4924.955
000905.SH,2014-10-29,4991.755
000905.SH,2014-10-30,4992.63
000905.SH,2014-10-31,4986.416
000905.SH,2014-11-03,5028.698
000905.SH,2014-11-04,5003.47
000905.SH,2014-11-05,4995.443
000905.SH,2014-11-06,5024.848
000905.SH,2014-11-07,4977.255
000905.SH,2014-11-10,5031.001
000905.SH,2014-11-11,4881.48
000905.SH,2014-11-12,4965.384
000905.SH,2014-11-13,4921.671
000905.SH,2014-11-14,4909.609
000905.SH,2014-11-17,4958.466
000905.SH,2014-11-18,4967.651
000905.SH,2014-11-19,4985.101
000905.SH,2014-11-20,4974.626
000905.SH,2014-11-21,5029.773
000905.SH,2014-11-24,5112.119
000905.SH,2014-11-25,5189.001
000905.SH,2014-11-26,5214.21
000905.SH,2014-11-27,5251.389
000905.SH,2014-11-28,5245.267
000905.SH,2014-12-01,5208.139
000905.SH,2014-12-02,5277.657
000905.SH,2014-12-03,5339.005
000905.SH,2014-12-04,5451.962
000905.SH,2014-12-05,5333.892
000905.SH,2014-12-08,5412.674
000905.SH,2014-12-09,5195.406
000905.SH,2014-12-10,5374.097
000905.SH,2014-12-11,5454.443
000905.SH,2014-12-12,5493.2
000905.SH,2014-12-15,5583.597
000905.SH,2014-12-16,5606.693
000905.SH,2014-12-17,5557.286
000905.SH,2014-12-18,5558.045
000905.SH,2014-12-19,5524.122
000905.SH,2014-12-22,5305.209
000905.SH,2014-12-23,5193.722
000905.SH,2014-12-24,5262.365
000905.SH,2014-12-25,5364.563
000905.SH,2014-12-26,5422.751
000905.SH,2014-12-29,5367.637
000905.SH,2014-12-30,5275.085
000905.SH,2014-12-31,5322.714
000905.SH,2015-01-05,5417.017
000905.SH,2015-01-06,5479.864
000905.SH,2015-01-07,5488.242
000905.SH,2015-01-08,5444.037
000905.SH,2015-01-09,5409.058
000905.SH,2015-01-12,5332.221
000905.SH,2015-01-13,5405.091
000905.SH,2015-01-14,5379.738
000905.SH,2015-01-15,5449.038
000905.SH,2015-01-16,5520.123
000905.SH,2015-01-19,5281.895
000905.SH,2015-01-20,5472.514
000905.SH,2015-01-21,5611.694
000905.SH,2015-01-22,5690.156
000905.SH,2015-01-23,5633.289
000905.SH,2015-01-26,5758.979
000905.SH,2015-01-27,5773.816
000905.SH,2015-01-28,5739.919
000905.SH,2015-01-29,5701.205
000905.SH,2015-01-30,5632.728
000905.SH,2015-02-02,5609.389
000905.SH,2015-02-03,5707.476
000905.SH,2015-02-04,5683.519
000905.SH,2015-02-05,5654.217
000905.SH,2015-02-06,5534.785
000905.SH,2015-02-09,5504.974
000905.SH,2015-02-10,5580.704
000905.SH,2015-02-11,5641.786
000905.SH,2015-02-12,5681.341
000905.SH,2015-02-13,5769.272
000905.SH,2015-02-16,5869.713
000905.SH,2015-02-17,5911.098
000905.SH,2015-02-25,5906.538
000905.SH,2015-02-26,5969.557
000905.SH,2015-02-27,6018.463
000905.SH,2015-03-02,6139.792
000905.SH,2015-03-03,6118.656
000905.SH,2015-03-04,6210.421
000905.SH,2015-03-05,6208.988
000905.SH,2015-03-06,6133.026
000905.SH,2015-03-09,6212.236
000905.SH,2015-03-10,6276.485
000905.SH,2015-03-11,6262.892
000905.SH,2015-03-12,6260.137
000905.SH,2015-03-13,6329.576
000905.SH,2015-03-16,6516.765
000905.SH,2015-03-17,6618.054
000905.SH,2015-03-18,6728.068
000905.SH,2015-03-19,6782.463
000905.SH,2015-03-20,6850.897
000905.SH,2015-03-23,7017.154
000905.SH,2015-03-24,7046.123
000905.SH,2015-03-25,7124.872
000905.SH,2015-03-26,7074.437
000905.SH,2015-03-27,7155.945
000905.SH,2015-03-30,7245.497
000905.SH,2015-03-31,7253.104
000905.SH,2015-04-01,7425.733
000905.SH,2015-04-02,7560.648
000905.SH,2015-04-03,7679.01
000905.SH,2015-04-07,7863.284
000905.SH,2015-04-08,7807.997
000905.SH,2015-04-09,7746.151
000905.SH,2015-04-10,7952.189
000905.SH,2015-04-13,8122.893
000905.SH,2015-04-14,8119.959
000905.SH,2015-04-15,7802.747
000905.SH,2015-04-16,7912.088
000905.SH,2015-04-17,7980.76
000905.SH,2015-04-20,7839.901
000905.SH,2015-04-21,8112.687
000905.SH,2015-04-22,8323.427
000905.SH,2015-04-23,8410.703
000905.SH,2015-04-24,8419.095
000905.SH,2015-04-27,8513.016
000905.SH,2015-04-28,8266.483
000905.SH,2015-04-29,8428.254
000905.SH,2015-04-30,8469.673
000905.SH,2015-05-04,8510.481
000905.SH,2015-05-05,8199.344
000905.SH,2015-05-06,8082.999
000905.SH,2015-05-07,7903.478
000905.SH,2015-05-08,8201.293
000905.SH,2015-05-11,8558.218
000905.SH,2015-05-12,8745.678
000905.SH,2015-05-13,8824.929
000905.SH,2015-05-14,8813.393
000905.SH,2015-05-15,8742.885
000905.SH,2015-05-18,8903.595
000905.SH,2015-05-19,9124.833
000905.SH,2015-05-20,9277.331
000905.SH,2015-05-21,9619.223
000905.SH,2015-05-22,9778.171
000905.SH,2015-05-25,10040.09
000905.SH,2015-05-26,10373.58
000905.SH,2015-05-27,10497.34
000905.SH,2015-05-28,9868.424
000905.SH,2015-05-29,9966.845
000905.SH,2015-06-01,10488.31
000905.SH,2015-06-02,10886.4
000905.SH,2015-06-03,10979.99
000905.SH,2015-06-04,10965.41
000905.SH,2015-06-05,11144.52
000905.SH,2015-06-08,11030.92
000905.SH,2015-06-09,11013.74
000905.SH,2015-06-10,11208.0577
000905.SH,2015-06-11,11366.2931
000905.SH,2015-06-12,11545.8906
000905.SH,2015-06-15,11332.892
000905.SH,2015-06-16,10879.8358
000905.SH,2015-06-17,11100.5456
000905.SH,2015-06-18,10731.3787
000905.SH,2015-06-19,9987.4074
000905.SH,2015-06-23,10046.8849
000905.SH,2015-06-24,10267.6266
000905.SH,2015-06-25,9906.1037
000905.SH,2015-06-26,9078.0648
000905.SH,2015-06-29,8484.6434
000905.SH,2015-06-30,8906.0202
000905.SH,2015-07-01,8411.9097
000905.SH,2015-07-02,7835.1035
000905.SH,2015-07-03,7355.491
000905.SH,2015-07-06,7235.999
000905.SH,2015-07-07,6763.5263
000905.SH,2015-07-08,6602.3735
000905.SH,2015-07-09,6896.3516
000905.SH,2015-07-10,7244.7842
000905.SH,2015-07-13,7695.6351
000905.SH,2015-07-14,7859.0574
000905.SH,2015-07-15,7405.2945
000905.SH,2015-07-16,7578.7585
000905.SH,2015-07-17,7994.6971
000905.SH,2015-07-20,8116.4956
000905.SH,2015-07-21,8220.4627
000905.SH,2015-07-22,8320.2364
000905.SH,2015-07-23,8551.9909
000905.SH,2015-07-24,8425.0739
000905.SH,2015-07-27,7794.1809
000905.SH,2015-07-28,7649.8199
000905.SH,2015-07-29,8022.7956
000905.SH,2015-07-30,7800.5799
000905.SH,2015-07-31,7727.0608
000905.SH,2015-08-03,7540.2053
000905.SH,2015-08-04,7942.0952
000905.SH,2015-08-05,7839.3375
000905.SH,2015-08-06,7792.0278
000905.SH,2015-08-07,8013.3187
000905.SH,2015-08-10,8394.0862
000905.SH,2015-08-11,8435.3271
000905.SH,2015-08-12,8336.3365
000905.SH,2015-08-13,8534.4288
000905.SH,2015-08-14,8625.2423
000905.SH,2015-08-17,8820.4567
000905.SH,2015-08-18,8161.2687
000905.SH,2015-08-19,8340.9828
000905.SH,2015-08-20,8049.5116
000905.SH,2015-08-21,7612.9024
000905.SH,2015-08-24,7006.1885
000905.SH,2015-08-25,6481.4117
000905.SH,2015-08-26,6238.5256
000905.SH,2015-08-27,6456.0548
000905.SH,2015-08-28,6842.8938
000905.SH,2015-08-31,6581.3127
000905.SH,2015-09-01,6169.2072
000905.SH,2015-09-02,6122.5533
000905.SH,2015-09-07,6143.5566
000905.SH,2015-09-08,6374.8551
000905.SH,2015-09-09,6551.0072
000905.SH,2015-09-10,6440.3093
000905.SH,2015-09-11,6493.3191
000905.SH,2015-09-14,6049.7904
000905.SH,2015-09-15,5708.0299
000905.SH,2015-09-16,6084.8367
000905.SH,2015-09-17,5965.409
000905.SH,2015-09-18,6036.8814
000905.SH,2015-09-21,6250.4393
000905.SH,2015-09-22,6295.9258
000905.SH,2015-09-23,6224.6006
000905.SH,2015-09-24,6315.1101
000905.SH,2015-09-25,6108.3764
000905.SH,2015-09-28,6219.6917
000905.SH,2015-09-29,6103.6058
000905.SH,2015-09-30,6123.7274
000905.SH,2015-10-08,6372.4924
000905.SH,2015-10-09,6470.0514
000905.SH,2015-10-12,6718.7221
000905.SH,2015-10-13,6802.0769
000905.SH,2015-10-14,6724.4957
000905.SH,2015-10-15,6929.2374
000905.SH,2015-10-16,7047.5599
000905.SH,2015-10-19,7047.3718
000905.SH,2015-10-20,7162.0754
000905.SH,2015-10-21,6712.7386
000905.SH,2015-10-22,6964.2976
000905.SH,2015-10-23,7138.2344
000905.SH,2015-10-26,7186.7548
000905.SH,2015-10-27,7231.4362
000905.SH,2015-10-28,7048.8952
000905.SH,2015-10-29,7108.9748
000905.SH,2015-10-30,7084.9706
000905.SH,2015-11-02,6936.4315
000905.SH,2015-11-03,6920.1029
000905.SH,2015-11-04,7267.9884
000905.SH,2015-11-05,7276.4505
000905.SH,2015-11-06,7446.8471
000905.SH,2015-11-09,7543.8014
000905.SH,2015-11-10,7575.0084
000905.SH,2015-11-11,7684.666
000905.SH,2015-11-12,7682.4517
000905.SH,2015-11-13,7567.108
000905.SH,2015-11-16,7718.8548
000905.SH,2015-11-17,7650.3808
000905.SH,2015-11-18,7526.9417
000905.SH,2015-11-19,7718.622
000905.SH,2015-11-20,7806.2655
000905.SH,2015-11-23,7744.1822
000905.SH,2015-11-24,7798.4975
000905.SH,2015-11-25,7922.3841
000905.SH,2015-11-26,7874.0797
000905.SH,2015-11-27,7376.1243
000905.SH,2015-11-30,7408.3988
000905.SH,2015-12-01,7443.9452
000905.SH,2015-12-02,7405.8596
000905.SH,2015-12-03,7570.5077
000905.SH,2015-12-04,7511.6749
000905.SH,2015-12-07,7602.2276
000905.SH,2015-12-08,7404.142
000905.SH,2015-12-09,7374.2742
000905.SH,2015-12-10,7350.2098
000905.SH,2015-12-11,7290.7017
000905.SH,2015-12-14,7441.0301
000905.SH,2015-12-15,7498.1813
000905.SH,2015-12-16,7529.4028
000905.SH,2015-12-17,7716.246
000905.SH,2015-12-18,7699.37
000905.SH,2015-12-21,7788.564
000905.SH,2015-12-22,7856.6081
000905.SH,2015-12-23,7773.2825
000905.SH,2015-12-24,7753.0367
000905.SH,2015-12-25,7792.1244
000905.SH,2015-12-28,7603.3609
000905.SH,2015-12-29,7674.3881
000905.SH,2015-12-30,7741.0472
000905.SH,2015-12-31,7617.689
000905.SH,2016-01-04,6983.4044
000905.SH,2016-01-05,6889.7414
000905.SH,2016-01-06,7065.6068
000905.SH,2016-01-07,6462.2428
000905.SH,2016-01-08,6570.4316
000905.SH,2016-01-11,6128.6558
000905.SH,2016-01-12,6136.6632
000905.SH,2016-01-13,5924.044
000905.SH,2016-01-14,6124.8202
000905.SH,2016-01-15,5893.6815
000905.SH,2016-01-18,5978.9076
000905.SH,2016-01-19,6197.0947
000905.SH,2016-01-20,6138.5031
000905.SH,2016-01-21,5886.8835
000905.SH,2016-01-22,5980.6111
000905.SH,2016-01-25,6041.3261
000905.SH,2016-01-26,5589.3069
000905.SH,2016-01-27,5514.1886
000905.SH,2016-01-28,5271.2325
000905.SH,2016-01-29,5469.1254
000905.SH,2016-02-01,5399.4771
000905.SH,2016-02-02,5586.6266
000905.SH,2016-02-03,5610.1734
000905.SH,2016-02-04,5721.4853
000905.SH,2016-02-05,5664.1971
000905.SH,2016-02-15,5668.0398
000905.SH,2016-02-16,5902.5341
000905.SH,2016-02-17,5971.4123
000905.SH,2016-02-18,5957.1305
000905.SH,2016-02-19,5979.5164
000905.SH,2016-02-22,6103.7225
000905.SH,2016-02-23,6070.4998
000905.SH,2016-02-24,6111.0427
000905.SH,2016-02-25,5626.0522
000905.SH,2016-02-26,5648.9376
000905.SH,2016-02-29,5350.4337
000905.SH,2016-03-01,5473.6349
000905.SH,2016-03-02,5753.1482
000905.SH,2016-03-03,5776.977
000905.SH,2016-03-04,5621.5614
000905.SH,2016-03-07,5752.5482
000905.SH,2016-03-08,5764.3253
000905.SH,2016-03-09,5617.0376
000905.SH,2016-03-10,5521.948
000905.SH,2016-03-11,5508.9818
000905.SH,2016-03-14,5690.5904
000905.SH,2016-03-15,5639.8012
000905.SH,2016-03-16,5562.8037
000905.SH,2016-03-17,5745.975
000905.SH,2016-03-18,5949.263
000905.SH,2016-03-21,6099.4805
000905.SH,2016-03-22,6075.4922
000905.SH,2016-03-23,6118.9664
000905.SH,2016-03-24,6018.4242
000905.SH,2016-03-25,6077.4312
000905.SH,2016-03-28,6037.7782
000905.SH,2016-03-29,5921.8672
000905.SH,2016-03-30,6137.5034
000905.SH,2016-03-31,6155.8138
000905.SH,2016-04-01,6124.5278
000905.SH,2016-04-05,6286.5826
000905.SH,2016-04-06,6323.4342
000905.SH,2016-04-07,6228.9737
000905.SH,2016-04-08,6168.7419
000905.SH,2016-04-11,6304.3004
000905.SH,2016-04-12,6252.7729
000905.SH,2016-04-13,6344.2255
000905.SH,2016-04-14,6401.8545
000905.SH,2016-04-15,6384.3496
000905.SH,2016-04-18,6281.2024
000905.SH,2016-04-19,6308.229
000905.SH,2016-04-20,6022.2126
000905.SH,2016-04-21,5970.682
000905.SH,2016-04-22,6011.3201
000905.SH,2016-04-25,5978.0772
000905.SH,2016-04-26,6046.7734
000905.SH,2016-04-27,6016.699
000905.SH,2016-04-28,5990.3285
000905.SH,2016-04-29,5985.594
000905.SH,2016-05-03,6167.4537
000905.SH,2016-05-04,6169.7826
000905.SH,2016-05-05,6203.8166
000905.SH,2016-05-06,5961.489
000905.SH,2016-05-09,5743.6473
000905.SH,2016-05-10,5738.8961
000905.SH,2016-05-11,5723.4104
000905.SH,2016-05-12,5726.4555
000905.SH,2016-05-13,5714.3107
000905.SH,2016-05-16,5812.5423
000905.SH,2016-05-17,5790.3416
000905.SH,2016-05-18,5631.1927
000905.SH,2016-05-19,5666.7331
000905.SH,2016-05-20,5732.9018
000905.SH,2016-05-23,5809.4761
000905.SH,2016-05-24,5743.1782
000905.SH,2016-05-25,5715.1834
000905.SH,2016-05-26,5744.3876
000905.SH,2016-05-27,5739.5897
000905.SH,2016-05-30,5711.3152
000905.SH,2016-05-31,5947.3224
000905.SH,2016-06-01,5973.7799
000905.SH,2016-06-02,6013.8942
000905.SH,2016-06-03,6032.603
000905.SH,2016-06-06,6051.8595
000905.SH,2016-06-07,6045.3571
000905.SH,2016-06-08,6023.8776
000905.SH,2016-06-13,5746.4438
000905.SH,2016-06-14,5762.7612
000905.SH,2016-06-15,5952.846
000905.SH,2016-06-16,5930.5454
000905.SH,2016-06-17,5964.2724
000905.SH,2016-06-20,5985.5691
000905.SH,2016-06-21,5916.8032
000905.SH,2016-06-22,6008.8857
000905.SH,2016-06-23,5978.1737
000905.SH,2016-06-24,5903.6202
000905.SH,2016-06-27,6044.2191
000905.SH,2016-06-28,6107.5105
000905.SH,2016-06-29,6120.2021
000905.SH,2016-06-30,6123.4939
000905.SH,2016-07-01,6111.5385
000905.SH,2016-07-04,6231.8811
000905.SH,2016-07-05,6269.5046
000905.SH,2016-07-06,6297.3969
000905.SH,2016-07-07,6319.7926
000905.SH,2016-07-08,6299.8533
000905.SH,2016-07-11,6312.4988
000905.SH,2016-07-12,6395.1448
000905.SH,2016-07-13,6446.5634
000905.SH,2016-07-14,6455.5827
000905.SH,2016-07-15,6441.0159
000905.SH,2016-07-18,6412.0731
000905.SH,2016-07-19,6431.9383
000905.SH,2016-07-20,6417.9223
000905.SH,2016-07-21,6442.7093
000905.SH,2016-07-22,6390.9254
000905.SH,2016-07-25,6408.7831
000905.SH,2016-07-26,6494.4743
000905.SH,2016-07-27,6229.2885
000905.SH,2016-07-28,6243.2883
000905.SH,2016-07-29,6202.8923
000905.SH,2016-08-01,6109.2782
000905.SH,2016-08-02,6168.5088
000905.SH,2016-08-03,6198.3885
000905.SH,2016-08-04,6238.2309
000905.SH,2016-08-05,6203.2872
000905.SH,2016-08-08,6290.7562
000905.SH,2016-08-09,6341.5497
000905.SH,2016-08-10,6318.2681
000905.SH,2016-08-11,6226.3129
000905.SH,2016-08-12,6299.0915
000905.SH,2016-08-15,6442.5272
000905.SH,2016-08-16,6468.8946
000905.SH,2016-08-17,6488.3648
000905.SH,2016-08-18,6490.408
000905.SH,2016-08-19,6499.5548
000905.SH,2016-08-22,6420.3544
000905.SH,2016-08-23,6428.6978
000905.SH,2016-08-24,6435.0586
000905.SH,2016-08-25,6382.5704
000905.SH,2016-08-26,6410.7335
000905.SH,2016-08-29,6427.5291
000905.SH,2016-08-30,6425.7543
000905.SH,2016-08-31,6434.2103
000905.SH,2016-09-01,6381.4755
000905.SH,2016-09-02,6356.9538
000905.SH,2016-09-05,6391.7923
000905.SH,2016-09-06,6492.9722
000905.SH,2016-09-07,6494.3159
000905.SH,2016-09-08,6517.9835
000905.SH,2016-09-09,6471.053
000905.SH,2016-09-12,6291.6364
000905.SH,2016-09-13,6320.0315
000905.SH,2016-09-14,6278.158
000905.SH,2016-09-19,6344.181
000905.SH,2016-09-20,6342.0328
000905.SH,2016-09-21,6343.7541
000905.SH,2016-09-22,6385.6353
000905.SH,2016-09-23,6370.5834
000905.SH,2016-09-26,6241.5157
000905.SH,2016-09-27,6286.9093
000905.SH,2016-09-28,6281.2838
000905.SH,2016-09-29,6298.7911
000905.SH,2016-09-30,6328.0856
000905.SH,2016-10-10,6447.6934
000905.SH,2016-10-11,6486.4254
000905.SH,2016-10-12,6482.7379
000905.SH,2016-10-13,6484.831
000905.SH,2016-10-14,6469.4915
000905.SH,2016-10-17,6413.1487
000905.SH,2016-10-18,6509.2821
000905.SH,2016-10-19,6495.2574
000905.SH,2016-10-20,6498.2375
000905.SH,2016-10-21,6475.2807
000905.SH,2016-10-24,6539.4661
000905.SH,2016-10-25,6563.3539
000905.SH,2016-10-26,6530.3898
000905.SH,2016-10-27,6517.3594
000905.SH,2016-10-28,6455.8349
000905.SH,2016-10-31,6452.2058
000905.SH,2016-11-01,6507.95
000905.SH,2016-11-02,6455.1295
000905.SH,2016-11-03,6483.7322
000905.SH,2016-11-04,6462.5928
000905.SH,2016-11-07,6468.8171
000905.SH,2016-11-08,6503.1781
000905.SH,2016-11-09,6453.5718
000905.SH,2016-11-10,6536.9651
000905.SH,2016-11-11,6583.8864
000905.SH,2016-11-14,6615.0071
000905.SH,2016-11-15,6640.4616
000905.SH,2016-11-16,6644.1878
000905.SH,2016-11-17,6636.469
000905.SH,2016-11-18,6602.3265
000905.SH,2016-11-21,6611.5399
000905.SH,2016-11-22,6661.246
000905.SH,2016-11-23,6631.1733
000905.SH,2016-11-24,6623.0489
000905.SH,2016-11-25,6652.8177
000905.SH,2016-11-28,6670.8035
000905.SH,2016-11-29,6620.7949
000905.SH,2016-11-30,6585.5776
000905.SH,2016-12-01,6624.4657
000905.SH,2016-12-02,6520.9745
000905.SH,2016-12-05,6486.0173
000905.SH,2016-12-06,6490.8897
000905.SH,2016-12-07,6558.0247
000905.SH,2016-12-08,6527.4338
000905.SH,2016-12-09,6513.9155
000905.SH,2016-12-12,6249.0784
000905.SH,2016-12-13,6278.1793
000905.SH,2016-12-14,6239.4989
000905.SH,2016-12-15,6280.3981
000905.SH,2016-12-16,6318.5239
000905.SH,2016-12-19,6320.7324
000905.SH,2016-12-20,6300.6383
000905.SH,2016-12-21,6347.6058
000905.SH,2016-12-22,6341.7879
000905.SH,2016-12-23,6281.9966
000905.SH,2016-12-26,6294.7546
000905.SH,2016-12-27,6288.8594
000905.SH,2016-12-28,6270.2395
000905.SH,2016-12-29,6252.6076
000905.SH,2016-12-30,6263.6256
000905.SH,2017-01-03,6320.7626
000905.SH,2017-01-04,6394.6694
000905.SH,2017-01-05,6399.2841
000905.SH,2017-01-06,6371.6168
000905.SH,2017-01-09,6415.4176
000905.SH,2017-01-10,6393.9283
000905.SH,2017-01-11,6331.9638
000905.SH,2017-01-12,6272.851
000905.SH,2017-01-13,6194.6575
000905.SH,2017-01-16,6031.2414
000905.SH,2017-01-17,6082.0657
000905.SH,2017-01-18,6068.593
000905.SH,2017-01-19,6043.675
000905.SH,2017-01-20,6121.9983
000905.SH,2017-01-23,6172.1671
000905.SH,2017-01-24,6165.2642
000905.SH,2017-01-25,6179.5681
000905.SH,2017-01-26,6223.7061
000905.SH,2017-02-03,6207.0921
000905.SH,2017-02-06,6259.2471
000905.SH,2017-02-07,6255.927
000905.SH,2017-02-08,6291.5977
000905.SH,2017-02-09,6331.1771
000905.SH,2017-02-10,6337.1081
000905.SH,2017-02-13,6369.6526
000905.SH,2017-02-14,6374.8852
000905.SH,2017-02-15,6311.6959
000905.SH,2017-02-16,6359.3361
000905.SH,2017-02-17,6307.1627
000905.SH,2017-02-20,6385.0625
000905.SH,2017-02-21,6434.4383
000905.SH,2017-02-22,6474.225
000905.SH,2017-02-23,6473.993
000905.SH,2017-02-24,6476.1655
000905.SH,2017-02-27,6424.2549
000905.SH,2017-02-28,6450.9701
000905.SH,2017-03-01,6467.6385
000905.SH,2017-03-02,6434.6262
000905.SH,2017-03-03,6452.839
000905.SH,2017-03-06,6517.3235
000905.SH,2017-03-07,6523.1868
000905.SH,2017-03-08,6497.0878
000905.SH,2017-03-09,6439.3822
000905.SH,2017-03-10,6447.9165
000905.SH,2017-03-13,6507.8964
000905.SH,2017-03-14,6493.4846
000905.SH,2017-03-15,6486.0616
000905.SH,2017-03-16,6543.3407
000905.SH,2017-03-17,6483.2463
000905.SH,2017-03-20,6498.3416
000905.SH,2017-03-21,6515.9458
000905.SH,2017-03-22,6499.7928
000905.SH,2017-03-23,6512.1874
000905.SH,2017-03-24,6546.615
000905.SH,2017-03-27,6516.0326
000905.SH,2017-03-28,6498.6902
000905.SH,2017-03-29,6480.543
000905.SH,2017-03-30,6375.7437
000905.SH,2017-03-31,6401.6479
000905.SH,2017-04-05,6539.9665
000905.SH,2017-04-06,6559.6526
000905.SH,2017-04-07,6578.726
000905.SH,2017-04-10,6566.5441
000905.SH,2017-04-11,6629.1661
000905.SH,2017-04-12,6576.4761
000905.SH,2017-04-13,6615.7042
000905.SH,2017-04-14,6528.1624
000905.SH,2017-04-17,6456.598
000905.SH,2017-04-18,6418.2114
000905.SH,2017-04-19,6350.6465
000905.SH,2017-04-20,6347.7732
000905.SH,2017-04-21,6300.7128
000905.SH,2017-04-24,6138.5049
000905.SH,2017-04-25,6160.4612
000905.SH,2017-04-26,6176.3981
000905.SH,2017-04-27,6192.3044
000905.SH,2017-04-28,6211.8624
000905.SH,2017-05-02,6216.115
000905.SH,2017-05-03,6197.4779
000905.SH,2017-05-04,6176.3053
000905.SH,2017-05-05,6089.6828
000905.SH,2017-05-08,5975.5395
000905.SH,2017-05-09,6012.0016
000905.SH,2017-05-10,5885.841
000905.SH,2017-05-11,5872.6391
000905.SH,2017-05-12,5863.7832
000905.SH,2017-05-15,5893.5075
000905.SH,2017-05-16,6014.7344
000905.SH,2017-05-17,6027.6504
000905.SH,2017-05-18,5976.2998
000905.SH,2017-05-19,5974.9772
000905.SH,2017-05-22,5888.8127
000905.SH,2017-05-23,5764.8759
000905.SH,2017-05-24,5799.2499
000905.SH,2017-05-25,5850.8006
000905.SH,2017-05-26,5836.9338
000905.SH,2017-05-31,5824.1042
000905.SH,2017-06-01,5709.9994
000905.SH,2017-06-02,5772.5174
000905.SH,2017-06-05,5815.8022
000905.SH,2017-06-06,5841.5232
000905.SH,2017-06-07,5955.0153
000905.SH,2017-06-08,5958.977
000905.SH,2017-06-09,5969.2741
000905.SH,2017-06-12,5902.8551
000905.SH,2017-06-13,5980.0566
000905.SH,2017-06-14,5966.4314
000905.SH,2017-06-15,6021.1651
000905.SH,2017-06-16,6012.9996
000905.SH,2017-06-19,6057.4115
000905.SH,2017-06-20,6066.9046
000905.SH,2017-06-21,6078.1925
000905.SH,2017-06-22,5992.3352
000905.SH,2017-06-23,6010.3137
000905.SH,2017-06-26,6111.6406
000905.SH,2017-06-27,6113.1658
000905.SH,2017-06-28,6086.2112
000905.SH,2017-06-29,6116.9932
000905.SH,2017-06-30,6138.1556
000905.SH,2017-07-03,6177.3953
000905.SH,2017-07-04,6146.8527
000905.SH,2017-07-05,6193.9641
000905.SH,2017-07-06,6201.6535
000905.SH,2017-07-07,6226.0108
000905.SH,2017-07-10,6206.5568
000905.SH,2017-07-11,6128.9942
000905.SH,2017-07-12,6132.9922
000905.SH,2017-07-13,6149.9337
000905.SH,2017-07-14,6128.7397
000905.SH,2017-07-17,5876.4592
000905.SH,2017-07-18,5938.4342
000905.SH,2017-07-19,6059.3582
000905.SH,2017-07-20,6099.2835
000905.SH,2017-07-21,6126.1083
000905.SH,2017-07-24,6167.1282
000905.SH,2017-07-25,6153.5984
000905.SH,2017-07-26,6146.7028
000905.SH,2017-07-27,6184.0207
000905.SH,2017-07-28,6215.4633
000905.SH,2017-07-31,6298.0004
000905.SH,2017-08-01,6286.5362
000905.SH,2017-08-02,6251.8627
000905.SH,2017-08-03,6261.9676
000905.SH,2017-08-04,6225.1151
000905.SH,2017-08-07,6303.4209
000905.SH,2017-08-08,6303.716
000905.SH,2017-08-09,6340.022
000905.SH,2017-08-10,6289.2174
000905.SH,2017-08-11,6161.1903
000905.SH,2017-08-14,6292.6418
000905.SH,2017-08-15,6314.7608
000905.SH,2017-08-16,6318.7986
000905.SH,2017-08-17,6366.034
000905.SH,2017-08-18,6347.7557
000905.SH,2017-08-21,6403.7803
000905.SH,2017-08-22,6375.9814
000905.SH,2017-08-23,6322.7819
000905.SH,2017-08-24,6278.59
000905.SH,2017-08-25,6346.5305
000905.SH,2017-08-28,6424.5841
000905.SH,2017-08-29,6408.1567
000905.SH,2017-08-30,6453.4636
000905.SH,2017-08-31,6470.4259
000905.SH,2017-09-01,6526.5046
000905.SH,2017-09-04,6564.6804
000905.SH,2017-09-05,6571.8591
000905.SH,2017-09-06,6607.1176
000905.SH,2017-09-07,6558.5963
000905.SH,2017-09-08,6574.1826
000905.SH,2017-09-11,6649.6276
000905.SH,2017-09-12,6644.0118
000905.SH,2017-09-13,6684.3798
000905.SH,2017-09-14,6672.1849
000905.SH,2017-09-15,6622.0438
000905.SH,2017-09-18,6669.4548
000905.SH,2017-09-19,6636.0201
000905.SH,2017-09-20,6692.4724
000905.SH,2017-09-21,6612.0456
000905.SH,2017-09-22,6572.0096
000905.SH,2017-09-25,6489.8441
000905.SH,2017-09-26,6520.7175
000905.SH,2017-09-27,6583.1401
000905.SH,2017-09-28,6567.7915
000905.SH,2017-09-29,6603.2587
000905.SH,2017-10-09,6678.371
000905.SH,2017-10-10,6705.4812
000905.SH,2017-10-11,6666.4696
000905.SH,2017-10-12,6659.0957
000905.SH,2017-10-13,6709.8164
000905.SH,2017-10-16,6619.2056
000905.SH,2017-10-17,6612.9428
000905.SH,2017-10-18,6563.4369
000905.SH,2017-10-19,6501.3999
000905.SH,2017-10-20,6571.424
000905.SH,2017-10-23,6612.7637
000905.SH,2017-10-24,6603.0042
000905.SH,2017-10-25,6647.892
000905.SH,2017-10-26,6671.9288
000905.SH,2017-10-27,6630.8067
000905.SH,2017-10-30,6511.7616
000905.SH,2017-10-31,6560.2054
000905.SH,2017-11-01,6552.9545
000905.SH,2017-11-02,6484.9258
000905.SH,2017-11-03,6426.9799
000905.SH,2017-11-06,6511.0958
000905.SH,2017-11-07,6551.9363
000905.SH,2017-11-08,6561.6897
000905.SH,2017-11-09,6611.3517
000905.SH,2017-11-10,6641.2164
000905.SH,2017-11-13,6671.2054
000905.SH,2017-11-14,6614.5136
000905.SH,2017-11-15,6537.6563
000905.SH,2017-11-16,6558.3085
000905.SH,2017-11-17,6361.9415
000905.SH,2017-11-20,6433.1702
000905.SH,2017-11-21,6456.352
000905.SH,2017-11-22,6439.4419
000905.SH,2017-11-23,6274.5116
000905.SH,2017-11-24,6278.0287
000905.SH,2017-11-27,6194.5522
000905.SH,2017-11-28,6299.3122
000905.SH,2017-11-29,6318.3684
000905.SH,2017-11-30,6263.421
000905.SH,2017-12-01,6316.4072
000905.SH,2017-12-04,6279.6206
000905.SH,2017-12-05,6132.912
000905.SH,2017-12-06,6172.8031
000905.SH,2017-12-07,6135.4702
000905.SH,2017-12-08,6203.1433
000905.SH,2017-12-11,6286.1656
000905.SH,2017-12-12,6233.2115
000905.SH,2017-12-13,6277.441
000905.SH,2017-12-14,6284.0807
000905.SH,2017-12-15,6235.7608
000905.SH,2017-12-18,6199.9889
000905.SH,2017-12-19,6251.2416
000905.SH,2017-12-20,6199.3628
000905.SH,2017-12-21,6238.4987
000905.SH,2017-12-22,6242.8847
000905.SH,2017-12-25,6185.5907
000905.SH,2017-12-26,6220.1473
000905.SH,2017-12-27,6173.1528
000905.SH,2017-12-28,6204.2702
000905.SH,2017-12-29,6250.8207
000905.SH,2018-01-02,6332.2269
000905.SH,2018-01-03,6388.2533
000905.SH,2018-01-04,6417.535
000905.SH,2018-01-05,6417.2537
000905.SH,2018-01-08,6446.1818
000905.SH,2018-01-09,6445.7462
000905.SH,2018-01-10,6405.9395
000905.SH,2018-01-11,6425.9401
000905.SH,2018-01-12,6399.3737
000905.SH,2018-01-15,6253.3759
000905.SH,2018-01-16,6301.1327
000905.SH,2018-01-17,6267.4599
000905.SH,2018-01-18,6286.8007
000905.SH,2018-01-19,6272.38
000905.SH,2018-01-22,6347.6383
000905.SH,2018-01-23,6354.9978
000905.SH,2018-01-24,6394.2999
000905.SH,2018-01-25,6382.7165
000905.SH,2018-01-26,6383.6312
000905.SH,2018-01-29,6309.8836
000905.SH,2018-01-30,6313.442
000905.SH,2018-01-31,6189.3413
000905.SH,2018-02-01,5984.7428
000905.SH,2018-02-02,6004.8494
000905.SH,2018-02-05,5998.2236
000905.SH,2018-02-06,5704.2641
000905.SH,2018-02-07,5711.3322
000905.SH,2018-02-08,5766.4797
000905.SH,2018-02-09,5554.8974
000905.SH,2018-02-12,5699.0979
000905.SH,2018-02-13,5736.9505
000905.SH,2018-02-14,5754.8344
000905.SH,2018-02-22,5875.7272
000905.SH,2018-02-23,5897.6765
000905.SH,2018-02-26,6029.6795
000905.SH,2018-02-27,6010.5573
000905.SH,2018-02-28,6023.677
000905.SH,2018-03-01,6090.2247
000905.SH,2018-03-02,6056.3354
000905.SH,2018-03-05,6064.0983
000905.SH,2018-03-06,6145.5768
000905.SH,2018-03-07,6086.4874
000905.SH,2018-03-08,6131.5142
000905.SH,2018-03-09,6206.9754
000905.SH,2018-03-12,6295.7776
000905.SH,2018-03-13,6254.1457
000905.SH,2018-03-14,6189.317
000905.SH,2018-03-15,6180.1108
000905.SH,2018-03-16,6146.3058
000905.SH,2018-03-19,6153.8339
000905.SH,2018-03-20,6173.6984
000905.SH,2018-03-21,6129.2042
000905.SH,2018-03-22,6101.2276
000905.SH,2018-03-23,5787.1523
000905.SH,2018-03-26,5902.9588
000905.SH,2018-03-27,6034.775
000905.SH,2018-03-28,5973.3414
000905.SH,2018-03-29,6034.8572
000905.SH,2018-03-30,6114.7382
000905.SH,2018-04-02,6121.9642
000905.SH,2018-04-03,6059.7089
000905.SH,2018-04-04,6017.6863
000905.SH,2018-04-09,6025.6493
000905.SH,2018-04-10,6063.7423
000905.SH,2018-04-11,6086.6126
000905.SH,2018-04-12,6051.3346
000905.SH,2018-04-13,6027.1867
000905.SH,2018-04-16,6012.4053
000905.SH,2018-04-17,5890.8571
000905.SH,2018-04-18,5970.6577
000905.SH,2018-04-19,6004.7334
000905.SH,2018-04-20,5880.8359
000905.SH,2018-04-23,5823.9205
000905.SH,2018-04-24,5957.1927
000905.SH,2018-04-25,5959.422
000905.SH,2018-04-26,5847.9766
000905.SH,2018-04-27,5860.9836
000905.SH,2018-05-02,5855.3233
000905.SH,2018-05-03,5910.6058
000905.SH,2018-05-04,5909.2944
000905.SH,2018-05-07,6019.1409
000905.SH,2018-05-08,6041.8143
000905.SH,2018-05-09,6029.2329
000905.SH,2018-05-10,6040.5716
000905.SH,2018-05-11,5991.3424
000905.SH,2018-05-14,5967.5541
000905.SH,2018-05-15,6020.5697
000905.SH,2018-05-16,6004.0696
000905.SH,2018-05-17,5973.7785
000905.SH,2018-05-18,5995.1497
000905.SH,2018-05-21,6072.1991
000905.SH,2018-05-22,6092.9069
000905.SH,2018-05-23,6013.8472
000905.SH,2018-05-24,5992.6209
000905.SH,2018-05-25,5917.7978
000905.SH,2018-05-28,5891.2627
000905.SH,2018-05-29,5835.4456
000905.SH,2018-05-30,5682.5881
000905.SH,2018-05-31,5754.4746
000905.SH,2018-06-01,5685.1155
000905.SH,2018-06-04,5683.1486
000905.SH,2018-06-05,5779.0778
000905.SH,2018-06-06,5774.2575
000905.SH,2018-06-07,5738.0176
000905.SH,2018-06-08,5669.3031
000905.SH,2018-06-11,5632.3566
000905.SH,2018-06-12,5693.3461
000905.SH,2018-06-13,5607.0173
000905.SH,2018-06-14,5586.9314
000905.SH,2018-06-15,5483.9446
000905.SH,2018-06-19,5141.7095
000905.SH,2018-06-20,5198.3935
000905.SH,2018-06-21,5089.2522
000905.SH,2018-06-22,5160.1228
000905.SH,2018-06-25,5125.0333
000905.SH,2018-06-26,5160.2829
000905.SH,2018-06-27,5109.4975
000905.SH,2018-06-28,5055.1093
000905.SH,2018-06-29,5217.7643
000905.SH,2018-07-02,5138.7826
000905.SH,2018-07-03,5197.1313
000905.SH,2018-07-04,5121.3436
000905.SH,2018-07-05,4982.7627
000905.SH,2018-07-06,4996.6299
000905.SH,2018-07-09,5107.5507
000905.SH,2018-07-10,5136.5326
000905.SH,2018-07-11,5036.1565
000905.SH,2018-07-12,5172.5032
000905.SH,2018-07-13,5204.1855
000905.SH,2018-07-16,5195.2002
000905.SH,2018-07-17,5196.1969
000905.SH,2018-07-18,5156.6363
000905.SH,2018-07-19,5111.3271
000905.SH,2018-07-20,5175.2516
000905.SH,2018-07-23,5214.0038
000905.SH,2018-07-24,5304.641
000905.SH,2018-07-25,5308.6569
000905.SH,2018-07-26,5273.4789
000905.SH,2018-07-27,5249.2904
000905.SH,2018-07-30,5185.151
000905.SH,2018-07-31,5188.7166
000905.SH,2018-08-01,5105.3741
000905.SH,2018-08-02,4996.012
000905.SH,2018-08-03,4929.75
000905.SH,2018-08-06,4825.2508
000905.SH,2018-08-07,4956.8718
000905.SH,2018-08-08,4880.5694
000905.SH,2018-08-09,5004.7733
000905.SH,2018-08-10,5030.5148
000905.SH,2018-08-13,5055.2753
000905.SH,2018-08-14,5037.8831
000905.SH,2018-08-15,4932.8063
000905.SH,2018-08-16,4888.3712
000905.SH,2018-08-17,4803.0285
000905.SH,2018-08-20,4832.6512
000905.SH,2018-08-21,4891.9801
000905.SH,2018-08-22,4837.0183
000905.SH,2018-08-23,4863.6651
000905.SH,2018-08-24,4852.2887
000905.SH,2018-08-27,4960.0655
000905.SH,2018-08-28,4974.2072
000905.SH,2018-08-29,4941.9607
000905.SH,2018-08-30,4867.1214
000905.SH,2018-08-31,4814.8237
000905.SH,2018-09-03,4838.873
000905.SH,2018-09-04,4890.2806
000905.SH,2018-09-05,4815.0343
000905.SH,2018-09-06,4793.3454
000905.SH,2018-09-07,4791.7779
000905.SH,2018-09-10,4704.8782
000905.SH,2018-09-11,4702.9032
000905.SH,2018-09-12,4693.9743
000905.SH,2018-09-13,4721.2121
000905.SH,2018-09-14,4670.0799
000905.SH,2018-09-17,4602.3901
000905.SH,2018-09-18,4683.5056
000905.SH,2018-09-19,4736.8934
000905.SH,2018-09-20,4733.4806
000905.SH,2018-09-21,4805.2151
000905.SH,2018-09-25,4792.5507
000905.SH,2018-09-26,4815.6306
000905.SH,2018-09-27,4755.3803
000905.SH,2018-09-28,4800.7287
000905.SH,2018-10-08,4646.4929
000905.SH,2018-10-09,4634.8939
000905.SH,2018-10-10,4629.8877
000905.SH,2018-10-11,4307.4208
000905.SH,2018-10-12,4278.0353
000905.SH,2018-10-15,4199.1532
000905.SH,2018-10-16,4099.6831
000905.SH,2018-10-17,4133.3832
000905.SH,2018-10-18,4018.4614
000905.SH,2018-10-19,4127.9854
000905.SH,2018-10-22,4333.1445
000905.SH,2018-10-23,4253.5561
000905.SH,2018-10-24,4245.4884
000905.SH,2018-10-25,4234.4208
000905.SH,2018-10-26,4233.9585
000905.SH,2018-10-29,4162.5255
000905.SH,2018-10-30,4204.5424
000905.SH,2018-10-31,4272.5518
000905.SH,2018-11-01,4298.9837
000905.SH,2018-11-02,4437.9456
000905.SH,2018-11-05,4440.8274
000905.SH,2018-11-06,4438.0965
000905.SH,2018-11-07,4415.136
000905.SH,2018-11-08,4382.3286
000905.SH,2018-11-09,4368.6143
000905.SH,2018-11-12,4481.6881
000905.SH,2018-11-13,4563.5351
000905.SH,2018-11-14,4545.5089
000905.SH,2018-11-15,4619.8141
000905.SH,2018-11-16,4659.0965
000905.SH,2018-11-19,4670.737
000905.SH,2018-11-20,4537.4493
000905.SH,2018-11-21,4554.6747
000905.SH,2018-11-22,4551.3264
000905.SH,2018-11-23,4374.7644
000905.SH,2018-11-26,4367.4619
000905.SH,2018-11-27,4387.6515
000905.SH,2018-11-28,4441.8569
000905.SH,2018-11-29,4345.703
000905.SH,2018-11-30,4376.6511
000905.SH,2018-12-03,4515.1735
000905.SH,2018-12-04,4536.2104
000905.SH,2018-12-05,4502.7021
000905.SH,2018-12-06,4411.0884
000905.SH,2018-12-07,4410.9593
000905.SH,2018-12-10,4359.3122
000905.SH,2018-12-11,4395.5702
000905.SH,2018-12-12,4393.324
000905.SH,2018-12-13,4443.1572
000905.SH,2018-12-14,4337.1025
000905.SH,2018-12-17,4330.6465
000905.SH,2018-12-18,4307.2675
000905.SH,2018-12-19,4247.8991
000905.SH,2018-12-20,4259.7614
000905.SH,2018-12-21,4231.144
000905.SH,2018-12-24,4274.7218
000905.SH,2018-12-25,4225.5124
000905.SH,2018-12-26,4208.4053
000905.SH,2018-12-27,4161.2702
000905.SH,2018-12-28,4168.0363
000905.SH,2019-01-02,4131.9567
000905.SH,2019-01-03,4112.807
000905.SH,2019-01-04,4210.8786
000905.SH,2019-01-07,4288.3234
000905.SH,2019-01-08,4277.2967
000905.SH,2019-01-09,4288.7717
000905.SH,2019-01-10,4281.8606
000905.SH,2019-01-11,4314.8757
000905.SH,2019-01-14,4286.5474
000905.SH,2019-01-15,4347.3555
000905.SH,2019-01-16,4336.8779
000905.SH,2019-01-17,4303.7308
000905.SH,2019-01-18,4347.8112
000905.SH,2019-01-21,4373.6333
000905.SH,2019-01-22,4308.2518
000905.SH,2019-01-23,4315.6846
000905.SH,2019-01-24,4338.17
000905.SH,2019-01-25,4318.4417
000905.SH,2019-01-28,4307.2196
000905.SH,2019-01-29,4254.2875
000905.SH,2019-01-30,4211.6235
000905.SH,2019-01-31,4176.4739
000905.SH,2019-02-01,4294.2696
000905.SH,2019-02-11,4402.8668
000905.SH,2019-02-12,4439.485
000905.SH,2019-02-13,4512.4088
000905.SH,2019-02-14,4532.1699
000905.SH,2019-02-15,4502.7348
000905.SH,2019-02-18,4660.999
000905.SH,2019-02-19,4667.2836
000905.SH,2019-02-20,4667.6243
000905.SH,2019-02-21,4659.1431
000905.SH,2019-02-22,4777.2977
000905.SH,2019-02-25,5044.3466
000905.SH,2019-02-26,5038.5435
000905.SH,2019-02-27,5017.8842
000905.SH,2019-02-28,5025.2913
000905.SH,2019-03-01,5067.225
000905.SH,2019-03-04,5158.2467
000905.SH,2019-03-05,5295.2878
000905.SH,2019-03-06,5390.0294
000905.SH,2019-03-07,5458.6153
000905.SH,2019-03-08,5245.6999
000905.SH,2019-03-11,5456.381
000905.SH,2019-03-12,5551.0029
000905.SH,2019-03-13,5424.8642
000905.SH,2019-03-14,5298.5024
000905.SH,2019-03-15,5359.0087
000905.SH,2019-03-18,5501.183
000905.SH,2019-03-19,5522.1801
000905.SH,2019-03-20,5515.7856
000905.SH,2019-03-21,5589.478
000905.SH,2019-03-22,5622.1402
000905.SH,2019-03-25,5549.6711
000905.SH,2019-03-26,5394.8787
000905.SH,2019-03-27,5447.8795
000905.SH,2019-03-28,5370.1234
000905.SH,2019-03-29,5547.6561
000905.SH,2019-04-01,5757.8379
000905.SH,2019-04-02,5775.5497
000905.SH,2019-04-03,5836.0369
000905.SH,2019-04-04,5871.5575
000905.SH,2019-04-08,5847.6296
000905.SH,2019-04-09,5858.0464
000905.SH,2019-04-10,5850.7609
000905.SH,2019-04-11,5727.1749
000905.SH,2019-04-12,5714.3676
000905.SH,2019-04-15,5655.9825
000905.SH,2019-04-16,5777.0111
000905.SH,2019-04-17,5807.7288
000905.SH,2019-04-18,5775.171
000905.SH,2019-04-19,5810.1798
000905.SH,2019-04-22,5723.0417
000905.SH,2019-04-23,5628.0624
000905.SH,2019-04-24,5679.7256
000905.SH,2019-04-25,5458.4194
000905.SH,2019-04-26,5408.0306
000905.SH,2019-04-29,5265.6011
000905.SH,2019-04-30,5307.56
000905.SH,2019-05-06,4908.7984
000905.SH,2019-05-07,4973.4043
000905.SH,2019-05-08,4947.7419
000905.SH,2019-05-09,4888.4128
000905.SH,2019-05-10,5064.323
000905.SH,2019-05-13,5005.9044
000905.SH,2019-05-14,4965.6124
000905.SH,2019-05-15,5076.555
000905.SH,2019-05-16,5108.3588
000905.SH,2019-05-17,4942.5792
000905.SH,2019-05-20,4923.5589
000905.SH,2019-05-21,5009.8725
000905.SH,2019-05-22,4976.3929
000905.SH,2019-05-23,4872.9202
000905.SH,2019-05-24,4841.7573
000905.SH,2019-05-27,4962.947
000905.SH,2019-05-28,4955.4855
000905.SH,2019-05-29,4956.8638
000905.SH,2019-05-30,4926.403
000905.SH,2019-05-31,4912.0005
000905.SH,2019-06-03,4853.8153
000905.SH,2019-06-04,4795.4129
000905.SH,2019-06-05,4783.8245
000905.SH,2019-06-06,4678.7844
000905.SH,2019-06-10,4725.2643
000905.SH,2019-06-11,4901.4723
000905.SH,2019-06-12,4863.4922
000905.SH,2019-06-13,4877.6505
000905.SH,2019-06-14,4795.5267
000905.SH,2019-06-17,4802.8185
000905.SH,2019-06-18,4797.1468
000905.SH,2019-06-19,4858.9164
000905.SH,2019-06-20,4954.7338
000905.SH,2019-06-21,5021.3051
000905.SH,2019-06-24,5024.2046
000905.SH,2019-06-25,4974.9882
000905.SH,2019-06-26,4962.5936
000905.SH,2019-06-27,5007.4833
000905.SH,2019-06-28,4950.4798
