indexcode,tradedate,price
399300.SZ,2002-01-04,1316.455
399300.SZ,2002-01-07,1302.084
399300.SZ,2002-01-08,1292.714
399300.SZ,2002-01-09,1272.645
399300.SZ,2002-01-10,1281.261
399300.SZ,2002-01-11,1249.814
399300.SZ,2002-01-14,1205.146
399300.SZ,2002-01-15,1186.433
399300.SZ,2002-01-16,1201.877
399300.SZ,2002-01-17,1152.148
399300.SZ,2002-01-18,1149.483
399300.SZ,2002-01-21,1108.61
399300.SZ,2002-01-22,1109.994
399300.SZ,2002-01-23,1183.154
399300.SZ,2002-01-24,1189.583
399300.SZ,2002-01-25,1189.428
399300.SZ,2002-01-28,1112.835
399300.SZ,2002-01-29,1140.377
399300.SZ,2002-01-30,1145.855
399300.SZ,2002-01-31,1221.76
399300.SZ,2002-02-01,1215.743
399300.SZ,2002-02-04,1236.969
399300.SZ,2002-02-05,1246.842
399300.SZ,2002-02-06,1216.788
399300.SZ,2002-02-07,1241.023
399300.SZ,2002-02-08,1235.092
399300.SZ,2002-02-25,1254.611
399300.SZ,2002-02-26,1253.121
399300.SZ,2002-02-27,1255.997
399300.SZ,2002-02-28,1244.603
399300.SZ,2002-03-01,1227.229
399300.SZ,2002-03-04,1245.867
399300.SZ,2002-03-05,1275.614
399300.SZ,2002-03-06,1288.444
399300.SZ,2002-03-07,1328.388
399300.SZ,2002-03-08,1351.854
399300.SZ,2002-03-11,1377.037
399300.SZ,2002-03-12,1362.404
399300.SZ,2002-03-13,1343.138
399300.SZ,2002-03-14,1376.329
399300.SZ,2002-03-15,1338.702
399300.SZ,2002-03-18,1341.907
399300.SZ,2002-03-19,1368.378
399300.SZ,2002-03-20,1382.417
399300.SZ,2002-03-21,1385.79
399300.SZ,2002-03-22,1369.901
399300.SZ,2002-03-25,1373.012
399300.SZ,2002-03-26,1350.009
399300.SZ,2002-03-27,1354.098
399300.SZ,2002-03-28,1352.533
399300.SZ,2002-03-29,1313.466
399300.SZ,2002-04-01,1317.579
399300.SZ,2002-04-02,1296.574
399300.SZ,2002-04-03,1302.248
399300.SZ,2002-04-04,1337.728
399300.SZ,2002-04-05,1332.201
399300.SZ,2002-04-08,1333.705
399300.SZ,2002-04-09,1357.742
399300.SZ,2002-04-10,1366.716
399300.SZ,2002-04-11,1344.734
399300.SZ,2002-04-12,1350.689
399300.SZ,2002-04-15,1344.581
399300.SZ,2002-04-16,1341.502
399300.SZ,2002-04-17,1341.766
399300.SZ,2002-04-18,1326.546
399300.SZ,2002-04-19,1330.642
399300.SZ,2002-04-22,1324.867
399300.SZ,2002-04-23,1318.661
399300.SZ,2002-04-24,1309.727
399300.SZ,2002-04-25,1312.483
399300.SZ,2002-04-26,1331.714
399300.SZ,2002-04-29,1349.785
399300.SZ,2002-04-30,1353.607
399300.SZ,2002-05-08,1342.292
399300.SZ,2002-05-09,1344.783
399300.SZ,2002-05-10,1335.451
399300.SZ,2002-05-13,1319.814
399300.SZ,2002-05-14,1311.68
399300.SZ,2002-05-15,1300.119
399300.SZ,2002-05-16,1261.522
399300.SZ,2002-05-17,1277.235
399300.SZ,2002-05-20,1258.829
399300.SZ,2002-05-21,1298.878
399300.SZ,2002-05-22,1280.16
399300.SZ,2002-05-23,1284.836
399300.SZ,2002-05-24,1265.966
399300.SZ,2002-05-27,1270.336
399300.SZ,2002-05-28,1270.382
399300.SZ,2002-05-29,1246.019
399300.SZ,2002-05-30,1245.886
399300.SZ,2002-05-31,1238.577
399300.SZ,2002-06-03,1213.388
399300.SZ,2002-06-04,1219.523
399300.SZ,2002-06-05,1196.623
399300.SZ,2002-06-06,1245.613
399300.SZ,2002-06-07,1252.514
399300.SZ,2002-06-10,1243.743
399300.SZ,2002-06-11,1252.851
399300.SZ,2002-06-12,1246.843
399300.SZ,2002-06-13,1235.572
399300.SZ,2002-06-14,1222.119
399300.SZ,2002-06-17,1224.654
399300.SZ,2002-06-18,1248.837
399300.SZ,2002-06-19,1236.049
399300.SZ,2002-06-20,1245.081
399300.SZ,2002-06-21,1288.522
399300.SZ,2002-06-24,1409.505
399300.SZ,2002-06-25,1409.226
399300.SZ,2002-06-26,1417.307
399300.SZ,2002-06-27,1422.512
399300.SZ,2002-06-28,1431.175
399300.SZ,2002-07-01,1415.33
399300.SZ,2002-07-02,1425.814
399300.SZ,2002-07-03,1427.39
399300.SZ,2002-07-04,1412.617
399300.SZ,2002-07-05,1415.403
399300.SZ,2002-07-08,1423.696
399300.SZ,2002-07-09,1419.471
399300.SZ,2002-07-10,1392.901
399300.SZ,2002-07-11,1390.929
399300.SZ,2002-07-12,1389.45
399300.SZ,2002-07-15,1379.38
399300.SZ,2002-07-16,1382.412
399300.SZ,2002-07-17,1393.022
399300.SZ,2002-07-18,1397.411
399300.SZ,2002-07-19,1403.253
399300.SZ,2002-07-22,1380.282
399300.SZ,2002-07-23,1375.613
399300.SZ,2002-07-24,1372.892
399300.SZ,2002-07-25,1364.996
399300.SZ,2002-07-26,1361.409
399300.SZ,2002-07-29,1368.797
399300.SZ,2002-07-30,1371.909
399300.SZ,2002-07-31,1358.16
399300.SZ,2002-08-01,1355.303
399300.SZ,2002-08-02,1359.993
399300.SZ,2002-08-05,1353.479
399300.SZ,2002-08-06,1368.994
399300.SZ,2002-08-07,1366.795
399300.SZ,2002-08-08,1359.677
399300.SZ,2002-08-09,1350.311
399300.SZ,2002-08-12,1340.216
399300.SZ,2002-08-13,1342.357
399300.SZ,2002-08-14,1351.507
399300.SZ,2002-08-15,1340.968
399300.SZ,2002-08-16,1349.622
399300.SZ,2002-08-19,1347.16
399300.SZ,2002-08-20,1370.046
399300.SZ,2002-08-21,1370.957
399300.SZ,2002-08-22,1381.549
399300.SZ,2002-08-23,1379.419
399300.SZ,2002-08-26,1366.181
399300.SZ,2002-08-27,1369.76
399300.SZ,2002-08-28,1368.397
399300.SZ,2002-08-29,1362.67
399300.SZ,2002-08-30,1361.298
399300.SZ,2002-09-02,1362.152
399300.SZ,2002-09-03,1366.71
399300.SZ,2002-09-04,1358.78
399300.SZ,2002-09-05,1341.468
399300.SZ,2002-09-06,1334.343
399300.SZ,2002-09-09,1323.132
399300.SZ,2002-09-10,1324.21
399300.SZ,2002-09-11,1319.034
399300.SZ,2002-09-12,1322.232
399300.SZ,2002-09-13,1321.809
399300.SZ,2002-09-16,1302.617
399300.SZ,2002-09-17,1304.376
399300.SZ,2002-09-18,1295.561
399300.SZ,2002-09-19,1319.817
399300.SZ,2002-09-20,1305.747
399300.SZ,2002-09-23,1304.924
399300.SZ,2002-09-24,1299.185
399300.SZ,2002-09-25,1299.523
399300.SZ,2002-09-26,1291.378
399300.SZ,2002-09-27,1285.652
399300.SZ,2002-10-08,1272.939
399300.SZ,2002-10-09,1247.533
399300.SZ,2002-10-10,1241.552
399300.SZ,2002-10-11,1237.14
399300.SZ,2002-10-14,1243.744
399300.SZ,2002-10-15,1238.967
399300.SZ,2002-10-16,1247.72
399300.SZ,2002-10-17,1228.263
399300.SZ,2002-10-18,1233.668
399300.SZ,2002-10-21,1237.362
399300.SZ,2002-10-22,1254.739
399300.SZ,2002-10-23,1255.635
399300.SZ,2002-10-24,1244.559
399300.SZ,2002-10-25,1233.578
399300.SZ,2002-10-28,1219.425
399300.SZ,2002-10-29,1226.775
399300.SZ,2002-10-30,1225.94
399300.SZ,2002-10-31,1225.338
399300.SZ,2002-11-01,1227.849
399300.SZ,2002-11-04,1246.804
399300.SZ,2002-11-05,1265.73
399300.SZ,2002-11-06,1260.054
399300.SZ,2002-11-07,1259.87
399300.SZ,2002-11-08,1232.945
399300.SZ,2002-11-11,1218.356
399300.SZ,2002-11-12,1200.92
399300.SZ,2002-11-13,1206.419
399300.SZ,2002-11-14,1183.635
399300.SZ,2002-11-15,1186.923
399300.SZ,2002-11-18,1174.825
399300.SZ,2002-11-19,1182.636
399300.SZ,2002-11-20,1154.898
399300.SZ,2002-11-21,1125.38
399300.SZ,2002-11-22,1128.072
399300.SZ,2002-11-25,1133.17
399300.SZ,2002-11-26,1111.053
399300.SZ,2002-11-27,1118.964
399300.SZ,2002-11-28,1150.585
399300.SZ,2002-11-29,1164.618
399300.SZ,2002-12-02,1132.929
399300.SZ,2002-12-03,1144.629
399300.SZ,2002-12-04,1147.535
399300.SZ,2002-12-05,1139.751
399300.SZ,2002-12-06,1139.803
399300.SZ,2002-12-09,1136.246
399300.SZ,2002-12-10,1122.907
399300.SZ,2002-12-11,1117.437
399300.SZ,2002-12-12,1122.229
399300.SZ,2002-12-13,1132.079
399300.SZ,2002-12-16,1141.523
399300.SZ,2002-12-17,1148.599
399300.SZ,2002-12-18,1143.941
399300.SZ,2002-12-19,1145.069
399300.SZ,2002-12-20,1157.337
399300.SZ,2002-12-23,1159.43
399300.SZ,2002-12-24,1159.06
399300.SZ,2002-12-25,1151.16
399300.SZ,2002-12-26,1119.359
399300.SZ,2002-12-27,1120.276
399300.SZ,2002-12-30,1108.94
399300.SZ,2002-12-31,1103.641
399300.SZ,2003-01-02,1074.984
399300.SZ,2003-01-03,1073.524
399300.SZ,2003-01-06,1084.884
399300.SZ,2003-01-07,1081.622
399300.SZ,2003-01-08,1111.832
399300.SZ,2003-01-09,1132.17
399300.SZ,2003-01-10,1121.576
399300.SZ,2003-01-13,1124.33
399300.SZ,2003-01-14,1185.865
399300.SZ,2003-01-15,1177.971
399300.SZ,2003-01-16,1196.386
399300.SZ,2003-01-17,1190.895
399300.SZ,2003-01-20,1194.722
399300.SZ,2003-01-21,1172.131
399300.SZ,2003-01-22,1174.567
399300.SZ,2003-01-23,1167.635
399300.SZ,2003-01-24,1187.694
399300.SZ,2003-01-27,1203.319
399300.SZ,2003-01-28,1206.859
399300.SZ,2003-01-29,1207.597
399300.SZ,2003-02-10,1190.459
399300.SZ,2003-02-11,1201.294
399300.SZ,2003-02-12,1214.804
399300.SZ,2003-02-13,1208.841
399300.SZ,2003-02-14,1213.699
399300.SZ,2003-02-17,1204.697
399300.SZ,2003-02-18,1204.936
399300.SZ,2003-02-19,1216.578
399300.SZ,2003-02-20,1215.151
399300.SZ,2003-02-21,1191.628
399300.SZ,2003-02-24,1192.994
399300.SZ,2003-02-25,1214.853
399300.SZ,2003-02-26,1214.396
399300.SZ,2003-02-27,1215.457
399300.SZ,2003-02-28,1213.862
399300.SZ,2003-03-03,1223.408
399300.SZ,2003-03-04,1222.38
399300.SZ,2003-03-05,1217.888
399300.SZ,2003-03-06,1202.44
399300.SZ,2003-03-07,1198.744
399300.SZ,2003-03-10,1178.153
399300.SZ,2003-03-11,1177.802
399300.SZ,2003-03-12,1182.417
399300.SZ,2003-03-13,1175.157
399300.SZ,2003-03-14,1177.61
399300.SZ,2003-03-17,1179.234
399300.SZ,2003-03-18,1173.789
399300.SZ,2003-03-19,1180.228
399300.SZ,2003-03-20,1175.861
399300.SZ,2003-03-21,1185.422
399300.SZ,2003-03-24,1187.641
399300.SZ,2003-03-25,1176.095
399300.SZ,2003-03-26,1171.199
399300.SZ,2003-03-27,1201.371
399300.SZ,2003-03-28,1199.264
399300.SZ,2003-03-31,1215.168
399300.SZ,2003-04-01,1223.559
399300.SZ,2003-04-02,1222.971
399300.SZ,2003-04-03,1215.34
399300.SZ,2003-04-04,1223.558
399300.SZ,2003-04-07,1217.924
399300.SZ,2003-04-08,1221.567
399300.SZ,2003-04-09,1243.057
399300.SZ,2003-04-10,1255.237
399300.SZ,2003-04-11,1274.998
399300.SZ,2003-04-14,1306.513
399300.SZ,2003-04-15,1317.288
399300.SZ,2003-04-16,1304.1
399300.SZ,2003-04-17,1307.715
399300.SZ,2003-04-18,1300.411
399300.SZ,2003-04-21,1274.61
399300.SZ,2003-04-22,1274.685
399300.SZ,2003-04-23,1254.131
399300.SZ,2003-04-24,1218.685
399300.SZ,2003-04-25,1205.381
399300.SZ,2003-04-28,1250.681
399300.SZ,2003-04-29,1231.565
399300.SZ,2003-04-30,1239.952
399300.SZ,2003-05-12,1251.309
399300.SZ,2003-05-13,1216.426
399300.SZ,2003-05-14,1243.103
399300.SZ,2003-05-15,1273.37
399300.SZ,2003-05-16,1274.258
399300.SZ,2003-05-19,1275.861
399300.SZ,2003-05-20,1261.327
399300.SZ,2003-05-21,1259.015
399300.SZ,2003-05-22,1270.432
399300.SZ,2003-05-23,1283.668
399300.SZ,2003-05-26,1292.69
399300.SZ,2003-05-27,1293.681
399300.SZ,2003-05-28,1277.692
399300.SZ,2003-05-29,1294.772
399300.SZ,2003-05-30,1300.865
399300.SZ,2003-06-02,1300.486
399300.SZ,2003-06-03,1285.652
399300.SZ,2003-06-04,1296.444
399300.SZ,2003-06-05,1279.539
399300.SZ,2003-06-06,1262.064
399300.SZ,2003-06-09,1249.165
399300.SZ,2003-06-10,1255.928
399300.SZ,2003-06-11,1278.265
399300.SZ,2003-06-12,1273.513
399300.SZ,2003-06-13,1277.323
399300.SZ,2003-06-16,1273.558
399300.SZ,2003-06-17,1268.924
399300.SZ,2003-06-18,1266.721
399300.SZ,2003-06-19,1253.681
399300.SZ,2003-06-20,1244.656
399300.SZ,2003-06-23,1231.938
399300.SZ,2003-06-24,1235.123
399300.SZ,2003-06-25,1226.643
399300.SZ,2003-06-26,1238.48
399300.SZ,2003-06-27,1220.736
399300.SZ,2003-06-30,1214.547
399300.SZ,2003-07-01,1215.199
399300.SZ,2003-07-02,1227.952
399300.SZ,2003-07-03,1231.166
399300.SZ,2003-07-04,1229.975
399300.SZ,2003-07-07,1232.076
399300.SZ,2003-07-08,1239.848
399300.SZ,2003-07-09,1231.798
399300.SZ,2003-07-10,1257.815
399300.SZ,2003-07-11,1255.934
399300.SZ,2003-07-14,1251.089
399300.SZ,2003-07-15,1254.364
399300.SZ,2003-07-16,1259.896
399300.SZ,2003-07-17,1269.398
399300.SZ,2003-07-18,1241.574
399300.SZ,2003-07-21,1232.145
399300.SZ,2003-07-22,1235.299
399300.SZ,2003-07-23,1239.445
399300.SZ,2003-07-24,1231.023
399300.SZ,2003-07-25,1218.666
399300.SZ,2003-07-28,1213.148
399300.SZ,2003-07-29,1219.762
399300.SZ,2003-07-30,1221.757
399300.SZ,2003-07-31,1222.737
399300.SZ,2003-08-01,1226.239
399300.SZ,2003-08-04,1240.07
399300.SZ,2003-08-05,1239.046
399300.SZ,2003-08-06,1232.936
399300.SZ,2003-08-07,1232.974
399300.SZ,2003-08-08,1218.112
399300.SZ,2003-08-11,1222.201
399300.SZ,2003-08-12,1225.855
399300.SZ,2003-08-13,1210.561
399300.SZ,2003-08-14,1203.244
399300.SZ,2003-08-15,1201.323
399300.SZ,2003-08-18,1197.986
399300.SZ,2003-08-19,1201.664
399300.SZ,2003-08-20,1195.681
399300.SZ,2003-08-21,1194.629
399300.SZ,2003-08-22,1191.432
399300.SZ,2003-08-25,1177.297
399300.SZ,2003-08-26,1179.329
399300.SZ,2003-08-27,1178.401
399300.SZ,2003-08-28,1169.38
399300.SZ,2003-08-29,1178.574
399300.SZ,2003-09-01,1199.814
399300.SZ,2003-09-02,1197.298
399300.SZ,2003-09-03,1198.441
399300.SZ,2003-09-04,1196.501
399300.SZ,2003-09-05,1183.913
399300.SZ,2003-09-08,1177.829
399300.SZ,2003-09-09,1172.051
399300.SZ,2003-09-10,1176.036
399300.SZ,2003-09-11,1176.927
399300.SZ,2003-09-12,1164.18
399300.SZ,2003-09-15,1152.357
399300.SZ,2003-09-16,1159.716
399300.SZ,2003-09-17,1147.304
399300.SZ,2003-09-18,1148.082
399300.SZ,2003-09-19,1149.287
399300.SZ,2003-09-22,1141.139
399300.SZ,2003-09-23,1147.289
399300.SZ,2003-09-24,1150.492
399300.SZ,2003-09-25,1136.692
399300.SZ,2003-09-26,1131.295
399300.SZ,2003-09-29,1116.547
399300.SZ,2003-09-30,1127.144
399300.SZ,2003-10-08,1131.27
399300.SZ,2003-10-09,1128.767
399300.SZ,2003-10-10,1155.42
399300.SZ,2003-10-13,1151.778
399300.SZ,2003-10-14,1142.3
399300.SZ,2003-10-15,1139.015
399300.SZ,2003-10-16,1124.371
399300.SZ,2003-10-17,1128.099
399300.SZ,2003-10-20,1120.359
399300.SZ,2003-10-21,1124.543
399300.SZ,2003-10-22,1152.83
399300.SZ,2003-10-23,1143.713
399300.SZ,2003-10-24,1140.034
399300.SZ,2003-10-27,1130.456
399300.SZ,2003-10-28,1130.705
399300.SZ,2003-10-29,1123.223
399300.SZ,2003-10-30,1110.799
399300.SZ,2003-10-31,1111.617
399300.SZ,2003-11-03,1123.48
399300.SZ,2003-11-04,1145.168
399300.SZ,2003-11-05,1138.913
399300.SZ,2003-11-06,1118.919
399300.SZ,2003-11-07,1103.777
399300.SZ,2003-11-10,1108.027
399300.SZ,2003-11-11,1108.89
399300.SZ,2003-11-12,1089.306
399300.SZ,2003-11-13,1091.708
399300.SZ,2003-11-14,1100.016
399300.SZ,2003-11-17,1095.945
399300.SZ,2003-11-18,1080.997
399300.SZ,2003-11-19,1098.051
399300.SZ,2003-11-20,1129.132
399300.SZ,2003-11-21,1115.469
399300.SZ,2003-11-24,1147.589
399300.SZ,2003-11-25,1151.543
399300.SZ,2003-11-26,1155.265
399300.SZ,2003-11-27,1136.018
399300.SZ,2003-11-28,1142.975
399300.SZ,2003-12-01,1168.507
399300.SZ,2003-12-02,1168.402
399300.SZ,2003-12-03,1172.469
399300.SZ,2003-12-04,1178.653
399300.SZ,2003-12-05,1176.661
399300.SZ,2003-12-08,1164.427
399300.SZ,2003-12-09,1169.277
399300.SZ,2003-12-10,1184.676
399300.SZ,2003-12-11,1184.634
399300.SZ,2003-12-12,1183.107
399300.SZ,2003-12-15,1184.674
399300.SZ,2003-12-16,1178.35
399300.SZ,2003-12-17,1169.412
399300.SZ,2003-12-18,1173.397
399300.SZ,2003-12-19,1163.64
399300.SZ,2003-12-22,1195.437
399300.SZ,2003-12-23,1201.081
399300.SZ,2003-12-24,1212.333
399300.SZ,2003-12-25,1209.06
399300.SZ,2003-12-26,1208.523
399300.SZ,2003-12-29,1199.254
399300.SZ,2003-12-30,1207.098
399300.SZ,2003-12-31,1194.744
399300.SZ,2004-01-02,1204.613
399300.SZ,2004-01-05,1240.467
399300.SZ,2004-01-06,1251.135
399300.SZ,2004-01-07,1266.268
399300.SZ,2004-01-08,1284.338
399300.SZ,2004-01-09,1266.406
399300.SZ,2004-01-12,1294.684
399300.SZ,2004-01-13,1293.184
399300.SZ,2004-01-14,1277.961
399300.SZ,2004-01-15,1273.616
399300.SZ,2004-01-16,1284.296
399300.SZ,2004-01-29,1311.947
399300.SZ,2004-01-30,1281.334
399300.SZ,2004-02-02,1307.267
399300.SZ,2004-02-03,1320.996
399300.SZ,2004-02-04,1348.864
399300.SZ,2004-02-05,1353.851
399300.SZ,2004-02-06,1347.221
399300.SZ,2004-02-09,1368.841
399300.SZ,2004-02-10,1363.062
399300.SZ,2004-02-11,1354.749
399300.SZ,2004-02-12,1345.658
399300.SZ,2004-02-13,1342.335
399300.SZ,2004-02-16,1373.3
399300.SZ,2004-02-17,1380.365
399300.SZ,2004-02-18,1391.355
399300.SZ,2004-02-19,1385.978
399300.SZ,2004-02-20,1391.095
399300.SZ,2004-02-23,1359.239
399300.SZ,2004-02-24,1356.314
399300.SZ,2004-02-25,1329.442
399300.SZ,2004-02-26,1335.863
399300.SZ,2004-02-27,1351.61
399300.SZ,2004-03-01,1366.914
399300.SZ,2004-03-02,1363.194
399300.SZ,2004-03-03,1341.215
399300.SZ,2004-03-04,1349.848
399300.SZ,2004-03-05,1341.758
399300.SZ,2004-03-08,1317.296
399300.SZ,2004-03-09,1314.167
399300.SZ,2004-03-10,1344.989
399300.SZ,2004-03-11,1357.843
399300.SZ,2004-03-12,1358.514
399300.SZ,2004-03-15,1389.676
399300.SZ,2004-03-16,1395.365
399300.SZ,2004-03-17,1398.017
399300.SZ,2004-03-18,1372.163
399300.SZ,2004-03-19,1393.571
399300.SZ,2004-03-22,1399.55
399300.SZ,2004-03-23,1389.52
399300.SZ,2004-03-24,1385.374
399300.SZ,2004-03-25,1385.862
399300.SZ,2004-03-26,1386.477
399300.SZ,2004-03-29,1371.7
399300.SZ,2004-03-30,1372.049
399300.SZ,2004-03-31,1384.954
399300.SZ,2004-04-01,1396.632
399300.SZ,2004-04-02,1405.918
399300.SZ,2004-04-05,1401.97
399300.SZ,2004-04-06,1410.428
399300.SZ,2004-04-07,1408.774
399300.SZ,2004-04-08,1402.771
399300.SZ,2004-04-09,1370.276
399300.SZ,2004-04-12,1364.681
399300.SZ,2004-04-13,1353.83
399300.SZ,2004-04-14,1332.075
399300.SZ,2004-04-15,1318.852
399300.SZ,2004-04-16,1331.082
399300.SZ,2004-04-19,1312.002
399300.SZ,2004-04-20,1301.086
399300.SZ,2004-04-21,1289.654
399300.SZ,2004-04-22,1296.435
399300.SZ,2004-04-23,1276.307
399300.SZ,2004-04-26,1276.949
399300.SZ,2004-04-27,1264.344
399300.SZ,2004-04-28,1258.112
399300.SZ,2004-04-29,1233.6
399300.SZ,2004-04-30,1239.72
399300.SZ,2004-05-10,1206.586
399300.SZ,2004-05-11,1212.575
399300.SZ,2004-05-12,1240.016
399300.SZ,2004-05-13,1234.578
399300.SZ,2004-05-14,1207.261
399300.SZ,2004-05-17,1195.189
399300.SZ,2004-05-18,1209.609
399300.SZ,2004-05-19,1209.579
399300.SZ,2004-05-20,1201.713
399300.SZ,2004-05-21,1209.213
399300.SZ,2004-05-24,1200.789
399300.SZ,2004-05-25,1177.712
399300.SZ,2004-05-26,1183.013
399300.SZ,2004-05-27,1208.682
399300.SZ,2004-05-28,1201.721
399300.SZ,2004-05-31,1206.841
399300.SZ,2004-06-01,1224.105
399300.SZ,2004-06-02,1211.932
399300.SZ,2004-06-03,1193.554
399300.SZ,2004-06-04,1192.776
399300.SZ,2004-06-07,1176.263
399300.SZ,2004-06-08,1160.331
399300.SZ,2004-06-09,1137.546
399300.SZ,2004-06-10,1139.51
399300.SZ,2004-06-11,1140.528
399300.SZ,2004-06-14,1115.406
399300.SZ,2004-06-15,1134.898
399300.SZ,2004-06-16,1141.093
399300.SZ,2004-06-17,1116.504
399300.SZ,2004-06-18,1103.403
399300.SZ,2004-06-21,1109.391
399300.SZ,2004-06-22,1119.882
399300.SZ,2004-06-23,1110.319
399300.SZ,2004-06-24,1099.903
399300.SZ,2004-06-25,1081.958
399300.SZ,2004-06-28,1069.506
399300.SZ,2004-06-29,1084.617
399300.SZ,2004-06-30,1078.485
399300.SZ,2004-07-01,1112.389
399300.SZ,2004-07-02,1114.945
399300.SZ,2004-07-05,1116.416
399300.SZ,2004-07-06,1121.284
399300.SZ,2004-07-07,1110.624
399300.SZ,2004-07-08,1113.027
399300.SZ,2004-07-09,1106.915
399300.SZ,2004-07-12,1083.178
399300.SZ,2004-07-13,1086.815
399300.SZ,2004-07-14,1088.779
399300.SZ,2004-07-15,1104.007
399300.SZ,2004-07-16,1132.799
399300.SZ,2004-07-19,1134.501
399300.SZ,2004-07-20,1125.876
399300.SZ,2004-07-21,1125.662
399300.SZ,2004-07-22,1097.859
399300.SZ,2004-07-23,1101.599
399300.SZ,2004-07-26,1087.268
399300.SZ,2004-07-27,1083.398
399300.SZ,2004-07-28,1089.52
399300.SZ,2004-07-29,1104.167
399300.SZ,2004-07-30,1088.677
399300.SZ,2004-08-02,1080.55
399300.SZ,2004-08-03,1073.583
399300.SZ,2004-08-04,1103.551
399300.SZ,2004-08-05,1088.814
399300.SZ,2004-08-06,1088.241
399300.SZ,2004-08-09,1093.479
399300.SZ,2004-08-10,1098.586
399300.SZ,2004-08-11,1086.077
399300.SZ,2004-08-12,1074.817
399300.SZ,2004-08-13,1077.245
399300.SZ,2004-08-16,1067.596
399300.SZ,2004-08-17,1072.51
399300.SZ,2004-08-18,1071.827
399300.SZ,2004-08-19,1059.198
399300.SZ,2004-08-20,1060.229
399300.SZ,2004-08-23,1047.212
399300.SZ,2004-08-24,1059.42
399300.SZ,2004-08-25,1055.526
399300.SZ,2004-08-26,1050.995
399300.SZ,2004-08-27,1039.238
399300.SZ,2004-08-30,1038.344
399300.SZ,2004-08-31,1055.97
399300.SZ,2004-09-01,1040.055
399300.SZ,2004-09-02,1045.369
399300.SZ,2004-09-03,1043.537
399300.SZ,2004-09-06,1039.668
399300.SZ,2004-09-07,1041.485
399300.SZ,2004-09-08,1031.606
399300.SZ,2004-09-09,1012.556
399300.SZ,2004-09-10,1015.151
399300.SZ,2004-09-13,993.263
399300.SZ,2004-09-14,1023.406
399300.SZ,2004-09-15,1066.282
399300.SZ,2004-09-16,1077.915
399300.SZ,2004-09-17,1112.767
399300.SZ,2004-09-20,1152.126
399300.SZ,2004-09-21,1143.458
399300.SZ,2004-09-22,1120.108
399300.SZ,2004-09-23,1157.928
399300.SZ,2004-09-24,1135.973
399300.SZ,2004-09-27,1128.048
399300.SZ,2004-09-28,1136.339
399300.SZ,2004-09-29,1124.008
399300.SZ,2004-09-30,1109.324
399300.SZ,2004-10-08,1131.915
399300.SZ,2004-10-11,1126.332
399300.SZ,2004-10-12,1103.547
399300.SZ,2004-10-13,1104.178
399300.SZ,2004-10-14,1060.127
399300.SZ,2004-10-15,1061.642
399300.SZ,2004-10-18,1063.472
399300.SZ,2004-10-19,1066.636
399300.SZ,2004-10-20,1062.902
399300.SZ,2004-10-21,1049.968
399300.SZ,2004-10-22,1063.143
399300.SZ,2004-10-25,1049.19
399300.SZ,2004-10-26,1059.254
399300.SZ,2004-10-27,1069.685
399300.SZ,2004-10-28,1068.678
399300.SZ,2004-10-29,1050.299
399300.SZ,2004-11-01,1038.428
399300.SZ,2004-11-02,1035.733
399300.SZ,2004-11-03,1054.693
399300.SZ,2004-11-04,1032.723
399300.SZ,2004-11-05,1033.804
399300.SZ,2004-11-08,1034.805
399300.SZ,2004-11-09,1037.21
399300.SZ,2004-11-10,1076.281
399300.SZ,2004-11-11,1070.271
399300.SZ,2004-11-12,1072.619
399300.SZ,2004-11-15,1084.706
399300.SZ,2004-11-16,1084.652
399300.SZ,2004-11-17,1074.394
399300.SZ,2004-11-18,1085.034
399300.SZ,2004-11-19,1091.371
399300.SZ,2004-11-22,1094.351
399300.SZ,2004-11-23,1084.879
399300.SZ,2004-11-24,1077.671
399300.SZ,2004-11-25,1076.343
399300.SZ,2004-11-26,1074.986
399300.SZ,2004-11-29,1061.352
399300.SZ,2004-11-30,1062.814
399300.SZ,2004-12-01,1058.15
399300.SZ,2004-12-02,1056.061
399300.SZ,2004-12-03,1058.334
399300.SZ,2004-12-06,1060.254
399300.SZ,2004-12-07,1048.181
399300.SZ,2004-12-08,1049.176
399300.SZ,2004-12-09,1059.531
399300.SZ,2004-12-10,1043.554
399300.SZ,2004-12-13,1037.452
399300.SZ,2004-12-14,1034.293
399300.SZ,2004-12-15,1037.883
399300.SZ,2004-12-16,1033.272
399300.SZ,2004-12-17,1022.996
399300.SZ,2004-12-20,1009.373
399300.SZ,2004-12-21,1008.119
399300.SZ,2004-12-22,1034.033
399300.SZ,2004-12-23,1015.51
399300.SZ,2004-12-24,1016.398
399300.SZ,2004-12-27,1012.445
399300.SZ,2004-12-28,1010.697
399300.SZ,2004-12-29,1005.527
399300.SZ,2004-12-30,1003.989
399300.SZ,2004-12-31,1000
399300.SZ,2005-01-04,982.794
399300.SZ,2005-01-05,992.564
399300.SZ,2005-01-06,983.174
399300.SZ,2005-01-07,983.958
399300.SZ,2005-01-10,993.879
399300.SZ,2005-01-11,997.135
399300.SZ,2005-01-12,996.748
399300.SZ,2005-01-13,996.877
399300.SZ,2005-01-14,988.306
399300.SZ,2005-01-17,967.452
399300.SZ,2005-01-18,974.689
399300.SZ,2005-01-19,967.21
399300.SZ,2005-01-20,956.245
399300.SZ,2005-01-21,982.604
399300.SZ,2005-01-24,998.133
399300.SZ,2005-01-25,997.775
399300.SZ,2005-01-26,989.928
399300.SZ,2005-01-27,974.631
399300.SZ,2005-01-28,969.209
399300.SZ,2005-01-31,954.879
399300.SZ,2005-02-01,955.951
399300.SZ,2005-02-02,1006.913
399300.SZ,2005-02-03,993.215
399300.SZ,2005-02-04,1016.858
399300.SZ,2005-02-16,1023.584
399300.SZ,2005-02-17,1020.606
399300.SZ,2005-02-18,1006.055
399300.SZ,2005-02-21,1025.633
399300.SZ,2005-02-22,1046.744
399300.SZ,2005-02-23,1043.944
399300.SZ,2005-02-24,1045.46
399300.SZ,2005-02-25,1046.761
399300.SZ,2005-02-28,1039.989
399300.SZ,2005-03-01,1035.934
399300.SZ,2005-03-02,1021.32
399300.SZ,2005-03-03,1027.71
399300.SZ,2005-03-04,1023.667
399300.SZ,2005-03-07,1029.871
399300.SZ,2005-03-08,1048.987
399300.SZ,2005-03-09,1046.544
399300.SZ,2005-03-10,1022.413
399300.SZ,2005-03-11,1027.429
399300.SZ,2005-03-14,1031.026
399300.SZ,2005-03-15,1013.523
399300.SZ,2005-03-16,1003.065
399300.SZ,2005-03-17,992.863
399300.SZ,2005-03-18,978.665
399300.SZ,2005-03-21,981.893
399300.SZ,2005-03-22,964.024
399300.SZ,2005-03-23,959.01
399300.SZ,2005-03-24,964.801
399300.SZ,2005-03-25,962.955
399300.SZ,2005-03-28,960.696
399300.SZ,2005-03-29,955.19
399300.SZ,2005-03-30,937.034
399300.SZ,2005-03-31,942.203
399300.SZ,2005-04-01,978.145
399300.SZ,2005-04-04,962.168
399300.SZ,2005-04-05,955.598
399300.SZ,2005-04-06,973.668
399300.SZ,2005-04-07,984.733
399300.SZ,2005-04-08,1003.445
399300.SZ,2005-04-11,995.421
399300.SZ,2005-04-12,978.697
399300.SZ,2005-04-13,1000.9
399300.SZ,2005-04-14,986.975
399300.SZ,2005-04-15,974.082
399300.SZ,2005-04-18,963.772
399300.SZ,2005-04-19,965.886
399300.SZ,2005-04-20,950.867
399300.SZ,2005-04-21,943.981
399300.SZ,2005-04-22,939.101
399300.SZ,2005-04-25,930.07
399300.SZ,2005-04-26,937.083
399300.SZ,2005-04-27,926.604
399300.SZ,2005-04-28,942.073
399300.SZ,2005-04-29,932.395
399300.SZ,2005-05-09,909.174
399300.SZ,2005-05-10,913.076
399300.SZ,2005-05-11,901.851
399300.SZ,2005-05-12,885.82
399300.SZ,2005-05-13,887.543
399300.SZ,2005-05-16,875.271
399300.SZ,2005-05-17,881.462
399300.SZ,2005-05-18,883.196
399300.SZ,2005-05-19,884.171
399300.SZ,2005-05-20,882.763
399300.SZ,2005-05-23,863.341
399300.SZ,2005-05-24,868.456
399300.SZ,2005-05-25,868.451
399300.SZ,2005-05-26,857.331
399300.SZ,2005-05-27,849.508
399300.SZ,2005-05-30,855.612
399300.SZ,2005-05-31,855.946
399300.SZ,2005-06-01,837.532
399300.SZ,2005-06-02,818.379
399300.SZ,2005-06-03,818.033
399300.SZ,2005-06-06,838.997
399300.SZ,2005-06-07,837.282
399300.SZ,2005-06-08,905.773
399300.SZ,2005-06-09,912.604
399300.SZ,2005-06-10,894.556
399300.SZ,2005-06-13,892.959
399300.SZ,2005-06-14,883.537
399300.SZ,2005-06-15,866.834
399300.SZ,2005-06-16,879.237
399300.SZ,2005-06-17,880.345
399300.SZ,2005-06-20,906.255
399300.SZ,2005-06-21,896.166
399300.SZ,2005-06-22,900.646
399300.SZ,2005-06-23,893.572
399300.SZ,2005-06-24,898.301
399300.SZ,2005-06-27,916.043
399300.SZ,2005-06-28,903.716
399300.SZ,2005-06-29,898.898
399300.SZ,2005-06-30,878.686
399300.SZ,2005-07-01,859.494
399300.SZ,2005-07-04,855.932
399300.SZ,2005-07-05,849.679
399300.SZ,2005-07-06,842.556
399300.SZ,2005-07-07,844.729
399300.SZ,2005-07-08,829.489
399300.SZ,2005-07-11,824.097
399300.SZ,2005-07-12,851.816
399300.SZ,2005-07-13,846.231
399300.SZ,2005-07-14,849.59
399300.SZ,2005-07-15,841.001
399300.SZ,2005-07-18,832.995
399300.SZ,2005-07-19,835.608
399300.SZ,2005-07-20,842.641
399300.SZ,2005-07-21,843.987
399300.SZ,2005-07-22,859.693
399300.SZ,2005-07-25,856.86
399300.SZ,2005-07-26,876.48
399300.SZ,2005-07-27,894.012
399300.SZ,2005-07-28,890.885
399300.SZ,2005-07-29,888.164
399300.SZ,2005-08-01,891.607
399300.SZ,2005-08-02,903.598
399300.SZ,2005-08-03,909.57
399300.SZ,2005-08-04,904.15
399300.SZ,2005-08-05,923.803
399300.SZ,2005-08-08,927.471
399300.SZ,2005-08-09,933.089
399300.SZ,2005-08-10,940.37
399300.SZ,2005-08-11,953.992
399300.SZ,2005-08-12,938.316
399300.SZ,2005-08-15,954.502
399300.SZ,2005-08-16,945.058
399300.SZ,2005-08-17,953.012
399300.SZ,2005-08-18,920.671
399300.SZ,2005-08-19,923.038
399300.SZ,2005-08-22,931.673
399300.SZ,2005-08-23,923.414
399300.SZ,2005-08-24,930.651
399300.SZ,2005-08-25,930.118
399300.SZ,2005-08-26,928.258
399300.SZ,2005-08-29,917.371
399300.SZ,2005-08-30,914.88
399300.SZ,2005-08-31,927.916
399300.SZ,2005-09-01,944.559
399300.SZ,2005-09-02,947.871
399300.SZ,2005-09-05,952.717
399300.SZ,2005-09-06,936.61
399300.SZ,2005-09-07,952.758
399300.SZ,2005-09-08,955.282
399300.SZ,2005-09-09,949.065
399300.SZ,2005-09-12,949.506
399300.SZ,2005-09-13,963.774
399300.SZ,2005-09-14,970.193
399300.SZ,2005-09-15,969.598
399300.SZ,2005-09-16,967.495
399300.SZ,2005-09-19,971.136
399300.SZ,2005-09-20,961.919
399300.SZ,2005-09-21,944.408
399300.SZ,2005-09-22,923.274
399300.SZ,2005-09-23,916.154
399300.SZ,2005-09-26,918.485
399300.SZ,2005-09-27,904.214
399300.SZ,2005-09-28,903.719
399300.SZ,2005-09-29,915.975
399300.SZ,2005-09-30,917.392
399300.SZ,2005-10-10,907.321
399300.SZ,2005-10-11,919.72
399300.SZ,2005-10-12,923.485
399300.SZ,2005-10-13,916.499
399300.SZ,2005-10-14,904.828
399300.SZ,2005-10-17,897.623
399300.SZ,2005-10-18,902.366
399300.SZ,2005-10-19,898.744
399300.SZ,2005-10-20,899.915
399300.SZ,2005-10-21,904.414
399300.SZ,2005-10-24,906.652
399300.SZ,2005-10-25,894.272
399300.SZ,2005-10-26,875.82
399300.SZ,2005-10-27,875.849
399300.SZ,2005-10-28,867.729
399300.SZ,2005-10-31,876.282
399300.SZ,2005-11-01,872.865
399300.SZ,2005-11-02,882.478
399300.SZ,2005-11-03,874.575
399300.SZ,2005-11-04,878.361
399300.SZ,2005-11-07,877.278
399300.SZ,2005-11-08,881.524
399300.SZ,2005-11-09,879.252
399300.SZ,2005-11-10,862.968
399300.SZ,2005-11-11,864.79
399300.SZ,2005-11-14,862.149
399300.SZ,2005-11-15,856.635
399300.SZ,2005-11-16,863.119
399300.SZ,2005-11-17,862.658
399300.SZ,2005-11-18,882.241
399300.SZ,2005-11-21,883.871
399300.SZ,2005-11-22,869.617
399300.SZ,2005-11-23,876.229
399300.SZ,2005-11-24,881.493
399300.SZ,2005-11-25,884.105
399300.SZ,2005-11-28,880.167
399300.SZ,2005-11-29,871.31
399300.SZ,2005-11-30,873.825
399300.SZ,2005-12-01,873.067
399300.SZ,2005-12-02,869.936
399300.SZ,2005-12-05,859.61
399300.SZ,2005-12-06,866.075
399300.SZ,2005-12-07,873.838
399300.SZ,2005-12-08,874.056
399300.SZ,2005-12-09,887.358
399300.SZ,2005-12-12,888.518
399300.SZ,2005-12-13,889.101
399300.SZ,2005-12-14,898.153
399300.SZ,2005-12-15,896.434
399300.SZ,2005-12-16,902.561
399300.SZ,2005-12-19,902.91
399300.SZ,2005-12-20,907.318
399300.SZ,2005-12-21,903.144
399300.SZ,2005-12-22,908.754
399300.SZ,2005-12-23,915.89
399300.SZ,2005-12-26,922.378
399300.SZ,2005-12-27,919.36
399300.SZ,2005-12-28,920.919
399300.SZ,2005-12-29,932.031
399300.SZ,2005-12-30,923.451
399300.SZ,2006-01-04,941.428
399300.SZ,2006-01-05,959.134
399300.SZ,2006-01-06,970.032
399300.SZ,2006-01-09,975.253
399300.SZ,2006-01-10,978.154
399300.SZ,2006-01-11,973.477
399300.SZ,2006-01-12,983.716
399300.SZ,2006-01-13,978.809
399300.SZ,2006-01-16,961.439
399300.SZ,2006-01-17,964.29
399300.SZ,2006-01-18,983.622
399300.SZ,2006-01-19,991.222
399300.SZ,2006-01-20,993.34
399300.SZ,2006-01-23,996.162
399300.SZ,2006-01-24,999.093
399300.SZ,2006-01-25,1009.597
399300.SZ,2006-02-06,1033.234
399300.SZ,2006-02-07,1029.937
399300.SZ,2006-02-08,1033.072
399300.SZ,2006-02-09,1019.599
399300.SZ,2006-02-10,1032.337
399300.SZ,2006-02-13,1031.614
399300.SZ,2006-02-14,1038.531
399300.SZ,2006-02-15,1041.66
399300.SZ,2006-02-16,1020.121
399300.SZ,2006-02-17,1020.368
399300.SZ,2006-02-20,1021.639
399300.SZ,2006-02-21,1038.816
399300.SZ,2006-02-22,1037.885
399300.SZ,2006-02-23,1041.373
399300.SZ,2006-02-24,1049.444
399300.SZ,2006-02-27,1047.845
399300.SZ,2006-02-28,1053.01
399300.SZ,2006-03-01,1056.619
399300.SZ,2006-03-02,1038.666
399300.SZ,2006-03-03,1041.677
399300.SZ,2006-03-06,1038.873
399300.SZ,2006-03-07,1014.973
399300.SZ,2006-03-08,1009.271
399300.SZ,2006-03-09,1004.344
399300.SZ,2006-03-10,1008.897
399300.SZ,2006-03-13,1019.864
399300.SZ,2006-03-14,1018.272
399300.SZ,2006-03-15,1028.958
399300.SZ,2006-03-16,1027.616
399300.SZ,2006-03-17,1024.015
399300.SZ,2006-03-20,1037.659
399300.SZ,2006-03-21,1040.757
399300.SZ,2006-03-22,1047.666
399300.SZ,2006-03-23,1048.537
399300.SZ,2006-03-24,1042.601
399300.SZ,2006-03-27,1050.707
399300.SZ,2006-03-28,1055.982
399300.SZ,2006-03-29,1065.294
399300.SZ,2006-03-30,1055.634
399300.SZ,2006-03-31,1061.088
399300.SZ,2006-04-03,1079.322
399300.SZ,2006-04-04,1089.371
399300.SZ,2006-04-05,1099.97
399300.SZ,2006-04-06,1103.237
399300.SZ,2006-04-07,1103.154
399300.SZ,2006-04-10,1117.91
399300.SZ,2006-04-11,1123.308
399300.SZ,2006-04-12,1117.073
399300.SZ,2006-04-13,1093.925
399300.SZ,2006-04-14,1118.607
399300.SZ,2006-04-17,1124.414
399300.SZ,2006-04-18,1131.281
399300.SZ,2006-04-19,1138.241
399300.SZ,2006-04-20,1134.381
399300.SZ,2006-04-21,1149.158
399300.SZ,2006-04-24,1142.698
399300.SZ,2006-04-25,1141.93
399300.SZ,2006-04-26,1155.726
399300.SZ,2006-04-27,1155.268
399300.SZ,2006-04-28,1172.347
399300.SZ,2006-05-08,1218.445
399300.SZ,2006-05-09,1251.611
399300.SZ,2006-05-10,1265.933
399300.SZ,2006-05-11,1255.035
399300.SZ,2006-05-12,1296.257
399300.SZ,2006-05-15,1352.155
399300.SZ,2006-05-16,1331.127
399300.SZ,2006-05-17,1335.523
399300.SZ,2006-05-18,1331.201
399300.SZ,2006-05-19,1366.097
399300.SZ,2006-05-22,1373.674
399300.SZ,2006-05-23,1317.654
399300.SZ,2006-05-24,1308.242
399300.SZ,2006-05-25,1307.697
399300.SZ,2006-05-26,1331.02
399300.SZ,2006-05-29,1366.292
399300.SZ,2006-05-30,1378.756
399300.SZ,2006-05-31,1365.451
399300.SZ,2006-06-01,1402.879
399300.SZ,2006-06-02,1390.116
399300.SZ,2006-06-05,1403.163
399300.SZ,2006-06-06,1399.142
399300.SZ,2006-06-07,1320.233
399300.SZ,2006-06-08,1325.979
399300.SZ,2006-06-09,1294.185
399300.SZ,2006-06-12,1297.67
399300.SZ,2006-06-13,1298.276
399300.SZ,2006-06-14,1283.88
399300.SZ,2006-06-15,1285.385
399300.SZ,2006-06-16,1318.01
399300.SZ,2006-06-19,1334.893
399300.SZ,2006-06-20,1338.223
399300.SZ,2006-06-21,1333.532
399300.SZ,2006-06-22,1331.553
399300.SZ,2006-06-23,1339.446
399300.SZ,2006-06-26,1363.413
399300.SZ,2006-06-27,1363.896
399300.SZ,2006-06-28,1362.885
399300.SZ,2006-06-29,1395.124
399300.SZ,2006-06-30,1393.963
399300.SZ,2006-07-03,1420.328
399300.SZ,2006-07-04,1411.013
399300.SZ,2006-07-05,1393.009
399300.SZ,2006-07-06,1418.675
399300.SZ,2006-07-07,1410.429
399300.SZ,2006-07-10,1412.124
399300.SZ,2006-07-11,1418.575
399300.SZ,2006-07-12,1419.199
399300.SZ,2006-07-13,1346.088
399300.SZ,2006-07-14,1357.129
399300.SZ,2006-07-17,1372.254
399300.SZ,2006-07-18,1373.416
399300.SZ,2006-07-19,1336.644
399300.SZ,2006-07-20,1345.194
399300.SZ,2006-07-21,1356.033
399300.SZ,2006-07-24,1358.122
399300.SZ,2006-07-25,1374.17
399300.SZ,2006-07-26,1371.295
399300.SZ,2006-07-27,1355.545
399300.SZ,2006-07-28,1341.393
399300.SZ,2006-07-31,1294.328
399300.SZ,2006-08-01,1282.057
399300.SZ,2006-08-02,1275.088
399300.SZ,2006-08-03,1271.744
399300.SZ,2006-08-04,1241.908
399300.SZ,2006-08-07,1224.102
399300.SZ,2006-08-08,1252.386
399300.SZ,2006-08-09,1251.298
399300.SZ,2006-08-10,1271.473
399300.SZ,2006-08-11,1275.654
399300.SZ,2006-08-14,1245.721
399300.SZ,2006-08-15,1265.863
399300.SZ,2006-08-16,1283.567
399300.SZ,2006-08-17,1271.627
399300.SZ,2006-08-18,1267.866
399300.SZ,2006-08-21,1270.562
399300.SZ,2006-08-22,1285.268
399300.SZ,2006-08-23,1285.68
399300.SZ,2006-08-24,1292.401
399300.SZ,2006-08-25,1295.437
399300.SZ,2006-08-28,1325.894
399300.SZ,2006-08-29,1330.155
399300.SZ,2006-08-30,1334.671
399300.SZ,2006-08-31,1338.694
399300.SZ,2006-09-01,1318.099
399300.SZ,2006-09-04,1337.243
399300.SZ,2006-09-05,1340.682
399300.SZ,2006-09-06,1346.367
399300.SZ,2006-09-07,1328.377
399300.SZ,2006-09-08,1332.153
399300.SZ,2006-09-11,1338.755
399300.SZ,2006-09-12,1347.639
399300.SZ,2006-09-13,1338.386
399300.SZ,2006-09-14,1338.278
399300.SZ,2006-09-15,1362.322
399300.SZ,2006-09-18,1375.563
399300.SZ,2006-09-19,1378.309
399300.SZ,2006-09-20,1378.459
399300.SZ,2006-09-21,1387.37
399300.SZ,2006-09-22,1374.852
399300.SZ,2006-09-25,1372.399
399300.SZ,2006-09-26,1357.646
399300.SZ,2006-09-27,1371.117
399300.SZ,2006-09-28,1387.002
399300.SZ,2006-09-29,1403.265
399300.SZ,2006-10-09,1436.074
399300.SZ,2006-10-10,1437.245
399300.SZ,2006-10-11,1435.906
399300.SZ,2006-10-12,1426.5
399300.SZ,2006-10-13,1430.882
399300.SZ,2006-10-16,1418.517
399300.SZ,2006-10-17,1414.448
399300.SZ,2006-10-18,1437.593
399300.SZ,2006-10-19,1439.377
399300.SZ,2006-10-20,1440.182
399300.SZ,2006-10-23,1408.715
399300.SZ,2006-10-24,1440.054
399300.SZ,2006-10-25,1446.825
399300.SZ,2006-10-26,1456.095
399300.SZ,2006-10-27,1439.05
399300.SZ,2006-10-30,1446.239
399300.SZ,2006-10-31,1464.473
399300.SZ,2006-11-01,1479.409
399300.SZ,2006-11-02,1479.656
399300.SZ,2006-11-03,1488.291
399300.SZ,2006-11-06,1507.891
399300.SZ,2006-11-07,1516.104
399300.SZ,2006-11-08,1498.173
399300.SZ,2006-11-09,1524.714
399300.SZ,2006-11-10,1504.062
399300.SZ,2006-11-13,1475.779
399300.SZ,2006-11-14,1493.776
399300.SZ,2006-11-15,1534.762
399300.SZ,2006-11-16,1533.288
399300.SZ,2006-11-17,1562.084
399300.SZ,2006-11-20,1593.158
399300.SZ,2006-11-21,1612.249
399300.SZ,2006-11-22,1624.028
399300.SZ,2006-11-23,1634.914
399300.SZ,2006-11-24,1636.58
399300.SZ,2006-11-27,1651.801
399300.SZ,2006-11-28,1644.014
399300.SZ,2006-11-29,1667.142
399300.SZ,2006-11-30,1714.358
399300.SZ,2006-12-01,1729.224
399300.SZ,2006-12-04,1780.736
399300.SZ,2006-12-05,1794.231
399300.SZ,2006-12-06,1779.411
399300.SZ,2006-12-07,1775.714
399300.SZ,2006-12-08,1711.584
399300.SZ,2006-12-11,1789.924
399300.SZ,2006-12-12,1802.788
399300.SZ,2006-12-13,1803.856
399300.SZ,2006-12-14,1836.143
399300.SZ,2006-12-15,1867.636
399300.SZ,2006-12-18,1916.108
399300.SZ,2006-12-19,1921.444
399300.SZ,2006-12-20,1936.547
399300.SZ,2006-12-21,1908.985
399300.SZ,2006-12-22,1895.644
399300.SZ,2006-12-25,1939.104
399300.SZ,2006-12-26,1938.238
399300.SZ,2006-12-27,1982.877
399300.SZ,2006-12-28,1979.933
399300.SZ,2006-12-29,2041.047
399300.SZ,2007-01-04,2067.092
399300.SZ,2007-01-05,2072.883
399300.SZ,2007-01-08,2131.556
399300.SZ,2007-01-09,2200.086
399300.SZ,2007-01-10,2255.966
399300.SZ,2007-01-11,2231.629
399300.SZ,2007-01-12,2173.747
399300.SZ,2007-01-15,2287.342
399300.SZ,2007-01-16,2353.874
399300.SZ,2007-01-17,2308.931
399300.SZ,2007-01-18,2317.095
399300.SZ,2007-01-19,2396.093
399300.SZ,2007-01-22,2491.313
399300.SZ,2007-01-23,2508.13
399300.SZ,2007-01-24,2536.428
399300.SZ,2007-01-25,2452.831
399300.SZ,2007-01-26,2512.922
399300.SZ,2007-01-29,2576.917
399300.SZ,2007-01-30,2551.884
399300.SZ,2007-01-31,2385.335
399300.SZ,2007-02-01,2395.172
399300.SZ,2007-02-02,2298.003
399300.SZ,2007-02-05,2271.797
399300.SZ,2007-02-06,2316.04
399300.SZ,2007-02-07,2369.787
399300.SZ,2007-02-08,2410.601
399300.SZ,2007-02-09,2397.245
399300.SZ,2007-02-12,2485.392
399300.SZ,2007-02-13,2522.63
399300.SZ,2007-02-14,2588.349
399300.SZ,2007-02-15,2668.633
399300.SZ,2007-02-16,2676.735
399300.SZ,2007-02-26,2707.676
399300.SZ,2007-02-27,2457.492
399300.SZ,2007-02-28,2544.571
399300.SZ,2007-03-01,2473.544
399300.SZ,2007-03-02,2508.729
399300.SZ,2007-03-05,2475.606
399300.SZ,2007-03-06,2520.293
399300.SZ,2007-03-07,2589.436
399300.SZ,2007-03-08,2627.63
399300.SZ,2007-03-09,2611.393
399300.SZ,2007-03-12,2616.172
399300.SZ,2007-03-13,2640.169
399300.SZ,2007-03-14,2597.357
399300.SZ,2007-03-15,2645.546
399300.SZ,2007-03-16,2604.226
399300.SZ,2007-03-19,2659.413
399300.SZ,2007-03-20,2672.771
399300.SZ,2007-03-21,2702.597
399300.SZ,2007-03-22,2711.322
399300.SZ,2007-03-23,2716.266
399300.SZ,2007-03-26,2764.034
399300.SZ,2007-03-27,2784.023
399300.SZ,2007-03-28,2797.649
399300.SZ,2007-03-29,2783.305
399300.SZ,2007-03-30,2781.784
399300.SZ,2007-04-02,2850.107
399300.SZ,2007-04-03,2888.115
399300.SZ,2007-04-04,2911.821
399300.SZ,2007-04-05,2945.045
399300.SZ,2007-04-06,2972.008
399300.SZ,2007-04-09,3038.172
399300.SZ,2007-04-10,3081.568
399300.SZ,2007-04-11,3121.319
399300.SZ,2007-04-12,3176.437
399300.SZ,2007-04-13,3169.233
399300.SZ,2007-04-16,3255.998
399300.SZ,2007-04-17,3283.604
399300.SZ,2007-04-18,3304.501
399300.SZ,2007-04-19,3150.303
399300.SZ,2007-04-20,3289.282
399300.SZ,2007-04-23,3431.318
399300.SZ,2007-04-24,3445.196
399300.SZ,2007-04-25,3448.281
399300.SZ,2007-04-26,3493.581
399300.SZ,2007-04-27,3470.523
399300.SZ,2007-04-30,3558.709
399300.SZ,2007-05-08,3686.03
399300.SZ,2007-05-09,3701.277
399300.SZ,2007-05-10,3724.51
399300.SZ,2007-05-11,3702.612
399300.SZ,2007-05-14,3734.42
399300.SZ,2007-05-15,3604.636
399300.SZ,2007-05-16,3700.287
399300.SZ,2007-05-17,3778.605
399300.SZ,2007-05-18,3776.629
399300.SZ,2007-05-21,3831.443
399300.SZ,2007-05-22,3870.489
399300.SZ,2007-05-23,3938.945
399300.SZ,2007-05-24,3919.748
399300.SZ,2007-05-25,3985.252
399300.SZ,2007-05-28,4072.578
399300.SZ,2007-05-29,4168.289
399300.SZ,2007-05-30,3886.459
399300.SZ,2007-05-31,3927.952
399300.SZ,2007-06-01,3803.954
399300.SZ,2007-06-04,3511.431
399300.SZ,2007-06-05,3634.633
399300.SZ,2007-06-06,3677.58
399300.SZ,2007-06-07,3802.304
399300.SZ,2007-06-08,3837.867
399300.SZ,2007-06-11,3931.862
399300.SZ,2007-06-12,4036.109
399300.SZ,2007-06-13,4118.268
399300.SZ,2007-06-14,4075.821
399300.SZ,2007-06-15,4099.381
399300.SZ,2007-06-18,4227.569
399300.SZ,2007-06-19,4253
399300.SZ,2007-06-20,4157.599
399300.SZ,2007-06-21,4197.28
399300.SZ,2007-06-22,4051.426
399300.SZ,2007-06-25,3877.59
399300.SZ,2007-06-26,3928.213
399300.SZ,2007-06-27,4040.484
399300.SZ,2007-06-28,3858.522
399300.SZ,2007-06-29,3764.078
399300.SZ,2007-07-02,3757.655
399300.SZ,2007-07-03,3832.227
399300.SZ,2007-07-04,3743.582
399300.SZ,2007-07-05,3537.435
399300.SZ,2007-07-06,3710.283
399300.SZ,2007-07-09,3821.302
399300.SZ,2007-07-10,3775.621
399300.SZ,2007-07-11,3789.874
399300.SZ,2007-07-12,3816.921
399300.SZ,2007-07-13,3820.124
399300.SZ,2007-07-16,3697.966
399300.SZ,2007-07-17,3789.651
399300.SZ,2007-07-18,3807.574
399300.SZ,2007-07-19,3806.997
399300.SZ,2007-07-20,3971.884
399300.SZ,2007-07-23,4156.723
399300.SZ,2007-07-24,4161.352
399300.SZ,2007-07-25,4255.463
399300.SZ,2007-07-26,4303.185
399300.SZ,2007-07-27,4307.143
399300.SZ,2007-07-30,4410.297
399300.SZ,2007-07-31,4460.564
399300.SZ,2007-08-01,4290.477
399300.SZ,2007-08-02,4436.192
399300.SZ,2007-08-03,4598.379
399300.SZ,2007-08-06,4703.984
399300.SZ,2007-08-07,4724.547
399300.SZ,2007-08-08,4668.087
399300.SZ,2007-08-09,4777.286
399300.SZ,2007-08-10,4726.683
399300.SZ,2007-08-13,4721.192
399300.SZ,2007-08-14,4795.568
399300.SZ,2007-08-15,4798.75
399300.SZ,2007-08-16,4721.942
399300.SZ,2007-08-17,4626.583
399300.SZ,2007-08-20,4885.427
399300.SZ,2007-08-21,4972.711
399300.SZ,2007-08-22,5051.688
399300.SZ,2007-08-23,5135.93
399300.SZ,2007-08-24,5217.581
399300.SZ,2007-08-27,5243.147
399300.SZ,2007-08-28,5251.77
399300.SZ,2007-08-29,5171.822
399300.SZ,2007-08-30,5241.228
399300.SZ,2007-08-31,5296.813
399300.SZ,2007-09-03,5419.169
399300.SZ,2007-09-04,5360.333
399300.SZ,2007-09-05,5363.251
399300.SZ,2007-09-06,5412.037
399300.SZ,2007-09-07,5294.795
399300.SZ,2007-09-10,5377.222
399300.SZ,2007-09-11,5124.092
399300.SZ,2007-09-12,5202.856
399300.SZ,2007-09-13,5349.97
399300.SZ,2007-09-14,5397.278
399300.SZ,2007-09-17,5498.908
399300.SZ,2007-09-18,5476.839
399300.SZ,2007-09-19,5419.268
399300.SZ,2007-09-20,5494.915
399300.SZ,2007-09-21,5468.098
399300.SZ,2007-09-24,5513.895
399300.SZ,2007-09-25,5454.615
399300.SZ,2007-09-26,5361.021
399300.SZ,2007-09-27,5427.657
399300.SZ,2007-09-28,5580.813
399300.SZ,2007-10-08,5653.136
399300.SZ,2007-10-09,5675.927
399300.SZ,2007-10-10,5685.759
399300.SZ,2007-10-11,5760.078
399300.SZ,2007-10-12,5737.221
399300.SZ,2007-10-15,5821.447
399300.SZ,2007-10-16,5877.202
399300.SZ,2007-10-17,5824.117
399300.SZ,2007-10-18,5615.747
399300.SZ,2007-10-19,5614.06
399300.SZ,2007-10-22,5472.677
399300.SZ,2007-10-23,5540.09
399300.SZ,2007-10-24,5588.014
399300.SZ,2007-10-25,5333.792
399300.SZ,2007-10-26,5394.807
399300.SZ,2007-10-29,5508.357
399300.SZ,2007-10-30,5596.068
399300.SZ,2007-10-31,5688.543
399300.SZ,2007-11-01,5605.232
399300.SZ,2007-11-02,5472.93
399300.SZ,2007-11-05,5360.305
399300.SZ,2007-11-06,5317.549
399300.SZ,2007-11-07,5350.629
399300.SZ,2007-11-08,5093.669
399300.SZ,2007-11-09,5040.525
399300.SZ,2007-11-12,4978.252
399300.SZ,2007-11-13,4939.244
399300.SZ,2007-11-14,5145.888
399300.SZ,2007-11-15,5081.113
399300.SZ,2007-11-16,5007.662
399300.SZ,2007-11-19,4994.416
399300.SZ,2007-11-20,5069.382
399300.SZ,2007-11-21,4997.62
399300.SZ,2007-11-22,4772.617
399300.SZ,2007-11-23,4856.161
399300.SZ,2007-11-26,4800.082
399300.SZ,2007-11-27,4711.152
399300.SZ,2007-11-28,4648.751
399300.SZ,2007-11-29,4842.07
399300.SZ,2007-11-30,4737.408
399300.SZ,2007-12-03,4772.674
399300.SZ,2007-12-04,4829.214
399300.SZ,2007-12-05,4965.947
399300.SZ,2007-12-06,4971.055
399300.SZ,2007-12-07,5041.35
399300.SZ,2007-12-10,5133.562
399300.SZ,2007-12-11,5140
399300.SZ,2007-12-12,5077.39
399300.SZ,2007-12-13,4884.298
399300.SZ,2007-12-14,4977.652
399300.SZ,2007-12-17,4857.289
399300.SZ,2007-12-18,4829.909
399300.SZ,2007-12-19,4946.285
399300.SZ,2007-12-20,5037.195
399300.SZ,2007-12-21,5101.852
399300.SZ,2007-12-24,5207.134
399300.SZ,2007-12-25,5216.813
399300.SZ,2007-12-26,5265.026
399300.SZ,2007-12-27,5367.53
399300.SZ,2007-12-28,5338.275
399300.SZ,2008-01-02,5385.103
399300.SZ,2008-01-03,5422.034
399300.SZ,2008-01-04,5483.65
399300.SZ,2008-01-07,5556.593
399300.SZ,2008-01-08,5528.054
399300.SZ,2008-01-09,5613.758
399300.SZ,2008-01-10,5672.154
399300.SZ,2008-01-11,5699.147
399300.SZ,2008-01-14,5731.757
399300.SZ,2008-01-15,5696.45
399300.SZ,2008-01-16,5505.717
399300.SZ,2008-01-17,5365.624
399300.SZ,2008-01-18,5414.468
399300.SZ,2008-01-21,5145.734
399300.SZ,2008-01-22,4753.868
399300.SZ,2008-01-23,4975.111
399300.SZ,2008-01-24,5027.213
399300.SZ,2008-01-25,5077.429
399300.SZ,2008-01-28,4731.883
399300.SZ,2008-01-29,4762.083
399300.SZ,2008-01-30,4710.652
399300.SZ,2008-01-31,4620.401
399300.SZ,2008-02-01,4571.945
399300.SZ,2008-02-04,4950.124
399300.SZ,2008-02-05,4921.829
399300.SZ,2008-02-13,4816.084
399300.SZ,2008-02-14,4880.252
399300.SZ,2008-02-15,4813.311
399300.SZ,2008-02-18,4910.992
399300.SZ,2008-02-19,5020.753
399300.SZ,2008-02-20,4908.717
399300.SZ,2008-02-21,4876.03
399300.SZ,2008-02-22,4702.241
399300.SZ,2008-02-25,4519.783
399300.SZ,2008-02-26,4515.533
399300.SZ,2008-02-27,4639.768
399300.SZ,2008-02-28,4622.056
399300.SZ,2008-02-29,4674.55
399300.SZ,2008-03-03,4790.744
399300.SZ,2008-03-04,4671.148
399300.SZ,2008-03-05,4628.724
399300.SZ,2008-03-06,4685.03
399300.SZ,2008-03-07,4621.685
399300.SZ,2008-03-10,4431.589
399300.SZ,2008-03-11,4441.184
399300.SZ,2008-03-12,4309.648
399300.SZ,2008-03-13,4198.96
399300.SZ,2008-03-14,4157.871
399300.SZ,2008-03-17,3965.279
399300.SZ,2008-03-18,3763.948
399300.SZ,2008-03-19,3888.861
399300.SZ,2008-03-20,4001.832
399300.SZ,2008-03-21,4037.83
399300.SZ,2008-03-24,3857.091
399300.SZ,2008-03-25,3905.774
399300.SZ,2008-03-26,3914.37
399300.SZ,2008-03-27,3748.92
399300.SZ,2008-03-28,3918.156
399300.SZ,2008-03-31,3790.53
399300.SZ,2008-04-01,3582.855
399300.SZ,2008-04-02,3547.977
399300.SZ,2008-04-03,3650.698
399300.SZ,2008-04-07,3845.822
399300.SZ,2008-04-08,3891.059
399300.SZ,2008-04-09,3688.125
399300.SZ,2008-04-10,3754.715
399300.SZ,2008-04-11,3783.728
399300.SZ,2008-04-14,3536.327
399300.SZ,2008-04-15,3583.299
399300.SZ,2008-04-16,3494.016
399300.SZ,2008-04-17,3386.63
399300.SZ,2008-04-18,3272.499
399300.SZ,2008-04-21,3267.554
399300.SZ,2008-04-22,3296.277
399300.SZ,2008-04-23,3453.727
399300.SZ,2008-04-24,3774.504
399300.SZ,2008-04-25,3803.07
399300.SZ,2008-04-28,3729.154
399300.SZ,2008-04-29,3776.943
399300.SZ,2008-04-30,3959.119
399300.SZ,2008-05-05,4055.779
399300.SZ,2008-05-06,4010.888
399300.SZ,2008-05-07,3821.319
399300.SZ,2008-05-08,3925.041
399300.SZ,2008-05-09,3878.924
399300.SZ,2008-05-12,3904.92
399300.SZ,2008-05-13,3851.687
399300.SZ,2008-05-14,3975.782
399300.SZ,2008-05-15,3948.088
399300.SZ,2008-05-16,3936.121
399300.SZ,2008-05-19,3914.072
399300.SZ,2008-05-20,3710.818
399300.SZ,2008-05-21,3783.049
399300.SZ,2008-05-22,3711.444
399300.SZ,2008-05-23,3675.147
399300.SZ,2008-05-26,3559.217
399300.SZ,2008-05-27,3576.197
399300.SZ,2008-05-28,3676.23
399300.SZ,2008-05-29,3580.868
399300.SZ,2008-05-30,3611.33
399300.SZ,2008-06-02,3625.826
399300.SZ,2008-06-03,3614.111
399300.SZ,2008-06-04,3546.916
399300.SZ,2008-06-05,3512.138
399300.SZ,2008-06-06,3489.502
399300.SZ,2008-06-10,3206.562
399300.SZ,2008-06-11,3140.299
399300.SZ,2008-06-12,3084.633
399300.SZ,2008-06-13,2979.117
399300.SZ,2008-06-16,2952.242
399300.SZ,2008-06-17,2842.676
399300.SZ,2008-06-18,2991.273
399300.SZ,2008-06-19,2773.076
399300.SZ,2008-06-20,2849.668
399300.SZ,2008-06-23,2789.941
399300.SZ,2008-06-24,2851.915
399300.SZ,2008-06-25,2969.537
399300.SZ,2008-06-26,2980.907
399300.SZ,2008-06-27,2816.021
399300.SZ,2008-06-30,2791.819
399300.SZ,2008-07-01,2698.347
399300.SZ,2008-07-02,2699.597
399300.SZ,2008-07-03,2760.612
399300.SZ,2008-07-04,2741.852
399300.SZ,2008-07-07,2882.763
399300.SZ,2008-07-08,2901.841
399300.SZ,2008-07-09,3015.126
399300.SZ,2008-07-10,2973.728
399300.SZ,2008-07-11,2953.498
399300.SZ,2008-07-14,2975.874
399300.SZ,2008-07-15,2852.979
399300.SZ,2008-07-16,2745.596
399300.SZ,2008-07-17,2718.068
399300.SZ,2008-07-18,2815.462
399300.SZ,2008-07-21,2911.051
399300.SZ,2008-07-22,2904.743
399300.SZ,2008-07-23,2883.32
399300.SZ,2008-07-24,2977.362
399300.SZ,2008-07-25,2939.202
399300.SZ,2008-07-28,2960.851
399300.SZ,2008-07-29,2905.63
399300.SZ,2008-07-30,2884.384
399300.SZ,2008-07-31,2805.21
399300.SZ,2008-08-01,2840.788
399300.SZ,2008-08-04,2773.15
399300.SZ,2008-08-05,2703.079
399300.SZ,2008-08-06,2721.693
399300.SZ,2008-08-07,2720.442
399300.SZ,2008-08-08,2591.462
399300.SZ,2008-08-11,2456.811
399300.SZ,2008-08-12,2444.155
399300.SZ,2008-08-13,2444.672
399300.SZ,2008-08-14,2443.512
399300.SZ,2008-08-15,2447.615
399300.SZ,2008-08-18,2313.402
399300.SZ,2008-08-19,2348.472
399300.SZ,2008-08-20,2532.94
399300.SZ,2008-08-21,2443.979
399300.SZ,2008-08-22,2404.928
399300.SZ,2008-08-25,2400.548
399300.SZ,2008-08-26,2331.532
399300.SZ,2008-08-27,2325.292
399300.SZ,2008-08-28,2335.865
399300.SZ,2008-08-29,2391.64
399300.SZ,2008-09-01,2309.171
399300.SZ,2008-09-02,2285.411
399300.SZ,2008-09-03,2245.964
399300.SZ,2008-09-04,2251.146
399300.SZ,2008-09-05,2183.432
399300.SZ,2008-09-08,2126.518
399300.SZ,2008-09-09,2139.145
399300.SZ,2008-09-10,2143.176
399300.SZ,2008-09-11,2072.126
399300.SZ,2008-09-12,2077.846
399300.SZ,2008-09-16,2000.651
399300.SZ,2008-09-17,1929.135
399300.SZ,2008-09-18,1895.99
399300.SZ,2008-09-19,2073.113
399300.SZ,2008-09-22,2207.614
399300.SZ,2008-09-23,2123.478
399300.SZ,2008-09-24,2138.853
399300.SZ,2008-09-25,2223.532
399300.SZ,2008-09-26,2243.657
399300.SZ,2008-10-06,2128.696
399300.SZ,2008-10-07,2102.448
399300.SZ,2008-10-08,2022.881
399300.SZ,2008-10-09,1995.297
399300.SZ,2008-10-10,1906.96
399300.SZ,2008-10-13,1985.486
399300.SZ,2008-10-14,1934.619
399300.SZ,2008-10-15,1914.356
399300.SZ,2008-10-16,1820.903
399300.SZ,2008-10-17,1833.262
399300.SZ,2008-10-20,1896.733
399300.SZ,2008-10-21,1881.406
399300.SZ,2008-10-22,1833.323
399300.SZ,2008-10-23,1834.78
399300.SZ,2008-10-24,1781.598
399300.SZ,2008-10-27,1654.671
399300.SZ,2008-10-28,1705.82
399300.SZ,2008-10-29,1658.223
399300.SZ,2008-10-30,1697.656
399300.SZ,2008-10-31,1663.66
399300.SZ,2008-11-03,1653.542
399300.SZ,2008-11-04,1627.759
399300.SZ,2008-11-05,1691.42
399300.SZ,2008-11-06,1649.776
399300.SZ,2008-11-07,1677.827
399300.SZ,2008-11-10,1801.665
399300.SZ,2008-11-11,1781.361
399300.SZ,2008-11-12,1801.823
399300.SZ,2008-11-13,1874.082
399300.SZ,2008-11-14,1943.654
399300.SZ,2008-11-17,1987.225
399300.SZ,2008-11-18,1839.819
399300.SZ,2008-11-19,1953.163
399300.SZ,2008-11-20,1932.428
399300.SZ,2008-11-21,1920.735
399300.SZ,2008-11-24,1837.642
399300.SZ,2008-11-25,1834.294
399300.SZ,2008-11-26,1843.495
399300.SZ,2008-11-27,1870.473
399300.SZ,2008-11-28,1829.924
399300.SZ,2008-12-01,1864.205
399300.SZ,2008-12-02,1868.631
399300.SZ,2008-12-03,1952.668
399300.SZ,2008-12-04,1982.928
399300.SZ,2008-12-05,2013.175
399300.SZ,2008-12-08,2095.036
399300.SZ,2008-12-09,2040.847
399300.SZ,2008-12-10,2096.393
399300.SZ,2008-12-11,2046.337
399300.SZ,2008-12-12,1960.38
399300.SZ,2008-12-15,1975.034
399300.SZ,2008-12-16,1994.45
399300.SZ,2008-12-17,2001.42
399300.SZ,2008-12-18,2045.102
399300.SZ,2008-12-19,2052.114
399300.SZ,2008-12-22,2017.549
399300.SZ,2008-12-23,1918.955
399300.SZ,2008-12-24,1887.075
399300.SZ,2008-12-25,1870.765
399300.SZ,2008-12-26,1862.096
399300.SZ,2008-12-29,1854.757
399300.SZ,2008-12-30,1833.435
399300.SZ,2008-12-31,1817.722
399300.SZ,2009-01-05,1882.959
399300.SZ,2009-01-06,1942.795
399300.SZ,2009-01-07,1931.178
399300.SZ,2009-01-08,1887.991
399300.SZ,2009-01-09,1918.365
399300.SZ,2009-01-12,1920.687
399300.SZ,2009-01-13,1876.185
399300.SZ,2009-01-14,1955.244
399300.SZ,2009-01-15,1954.874
399300.SZ,2009-01-16,1990.214
399300.SZ,2009-01-19,2012.465
399300.SZ,2009-01-20,2025.19
399300.SZ,2009-01-21,2021.71
399300.SZ,2009-01-22,2044.551
399300.SZ,2009-01-23,2032.682
399300.SZ,2009-02-02,2057.063
399300.SZ,2009-02-03,2108.91
399300.SZ,2009-02-04,2166.414
399300.SZ,2009-02-05,2150.971
399300.SZ,2009-02-06,2237.28
399300.SZ,2009-02-09,2296.672
399300.SZ,2009-02-10,2326.755
399300.SZ,2009-02-11,2331.138
399300.SZ,2009-02-12,2318.343
399300.SZ,2009-02-13,2399.065
399300.SZ,2009-02-16,2462.245
399300.SZ,2009-02-17,2385.293
399300.SZ,2009-02-18,2275.843
399300.SZ,2009-02-19,2298.412
399300.SZ,2009-02-20,2344.32
399300.SZ,2009-02-23,2410.481
399300.SZ,2009-02-24,2301.849
399300.SZ,2009-02-25,2304.251
399300.SZ,2009-02-26,2190.185
399300.SZ,2009-02-27,2140.489
399300.SZ,2009-03-02,2164.666
399300.SZ,2009-03-03,2142.154
399300.SZ,2009-03-04,2285.149
399300.SZ,2009-03-05,2304.919
399300.SZ,2009-03-06,2286.576
399300.SZ,2009-03-09,2202.527
399300.SZ,2009-03-10,2240.782
399300.SZ,2009-03-11,2220.38
399300.SZ,2009-03-12,2215.7
399300.SZ,2009-03-13,2205.422
399300.SZ,2009-03-16,2241.614
399300.SZ,2009-03-17,2322.403
399300.SZ,2009-03-18,2332.652
399300.SZ,2009-03-19,2382.564
399300.SZ,2009-03-20,2379.838
399300.SZ,2009-03-23,2439.395
399300.SZ,2009-03-24,2451.783
399300.SZ,2009-03-25,2401.327
399300.SZ,2009-03-26,2479.789
399300.SZ,2009-03-27,2498.931
399300.SZ,2009-03-30,2484.487
399300.SZ,2009-03-31,2507.789
399300.SZ,2009-04-01,2548.222
399300.SZ,2009-04-02,2576.4
399300.SZ,2009-04-03,2570.503
399300.SZ,2009-04-07,2576.95
399300.SZ,2009-04-08,2479.348
399300.SZ,2009-04-09,2517.669
399300.SZ,2009-04-10,2595.53
399300.SZ,2009-04-13,2656.518
399300.SZ,2009-04-14,2676.872
399300.SZ,2009-04-15,2686.99
399300.SZ,2009-04-16,2687.106
399300.SZ,2009-04-17,2650.691
399300.SZ,2009-04-20,2707.667
399300.SZ,2009-04-21,2675.442
399300.SZ,2009-04-22,2576.281
399300.SZ,2009-04-23,2593.564
399300.SZ,2009-04-24,2572.888
399300.SZ,2009-04-27,2513.292
399300.SZ,2009-04-28,2518.531
399300.SZ,2009-04-29,2605.37
399300.SZ,2009-04-30,2622.926
399300.SZ,2009-05-04,2714.301
399300.SZ,2009-05-05,2727.014
399300.SZ,2009-05-06,2764.979
399300.SZ,2009-05-07,2767.076
399300.SZ,2009-05-08,2789.219
399300.SZ,2009-05-11,2725.316
399300.SZ,2009-05-12,2788.562
399300.SZ,2009-05-13,2814.005
399300.SZ,2009-05-14,2792.597
399300.SZ,2009-05-15,2796.116
399300.SZ,2009-05-18,2810.573
399300.SZ,2009-05-19,2840.084
399300.SZ,2009-05-20,2812.865
399300.SZ,2009-05-21,2750.01
399300.SZ,2009-05-22,2740.677
399300.SZ,2009-05-25,2752.716
399300.SZ,2009-05-26,2719.764
399300.SZ,2009-05-27,2759.712
399300.SZ,2009-06-01,2858.342
399300.SZ,2009-06-02,2865.099
399300.SZ,2009-06-03,2939.387
399300.SZ,2009-06-04,2953.751
399300.SZ,2009-06-05,2939.306
399300.SZ,2009-06-08,2948.478
399300.SZ,2009-06-09,2960.556
399300.SZ,2009-06-10,2989.595
399300.SZ,2009-06-11,2961.629
399300.SZ,2009-06-12,2906.286
399300.SZ,2009-06-15,2966.192
399300.SZ,2009-06-16,2961.22
399300.SZ,2009-06-17,3010.588
399300.SZ,2009-06-18,3057.428
399300.SZ,2009-06-19,3080.001
399300.SZ,2009-06-22,3082.563
399300.SZ,2009-06-23,3083.895
399300.SZ,2009-06-24,3120.73
399300.SZ,2009-06-25,3117.921
399300.SZ,2009-06-26,3128.421
399300.SZ,2009-06-29,3179.972
399300.SZ,2009-06-30,3166.474
399300.SZ,2009-07-01,3237.903
399300.SZ,2009-07-02,3282.359
399300.SZ,2009-07-03,3327.135
399300.SZ,2009-07-06,3374.753
399300.SZ,2009-07-07,3340.493
399300.SZ,2009-07-08,3352.269
399300.SZ,2009-07-09,3396.304
399300.SZ,2009-07-10,3398.31
399300.SZ,2009-07-13,3361.011
399300.SZ,2009-07-14,3454.753
399300.SZ,2009-07-15,3493.305
399300.SZ,2009-07-16,3501.24
399300.SZ,2009-07-17,3519.809
399300.SZ,2009-07-20,3591.123
399300.SZ,2009-07-21,3539.832
399300.SZ,2009-07-22,3606.924
399300.SZ,2009-07-23,3651.969
399300.SZ,2009-07-24,3667.556
399300.SZ,2009-07-27,3743.626
399300.SZ,2009-07-28,3755.818
399300.SZ,2009-07-29,3558.508
399300.SZ,2009-07-30,3634.818
399300.SZ,2009-07-31,3734.622
399300.SZ,2009-08-03,3787.033
399300.SZ,2009-08-04,3786.615
399300.SZ,2009-08-05,3740.936
399300.SZ,2009-08-06,3663.12
399300.SZ,2009-08-07,3555.095
399300.SZ,2009-08-10,3544.539
399300.SZ,2009-08-11,3556.375
399300.SZ,2009-08-12,3397.4
399300.SZ,2009-08-13,3440.82
399300.SZ,2009-08-14,3344.462
399300.SZ,2009-08-17,3140.271
399300.SZ,2009-08-18,3171.986
399300.SZ,2009-08-19,3014.568
399300.SZ,2009-08-20,3144.39
399300.SZ,2009-08-21,3203.624
399300.SZ,2009-08-24,3229.6
399300.SZ,2009-08-25,3109.83
399300.SZ,2009-08-26,3172.386
399300.SZ,2009-08-27,3156.301
399300.SZ,2009-08-28,3046.781
399300.SZ,2009-08-31,2830.271
399300.SZ,2009-09-01,2843.7
399300.SZ,2009-09-02,2890.926
399300.SZ,2009-09-03,3051.964
399300.SZ,2009-09-04,3077.142
399300.SZ,2009-09-07,3104.208
399300.SZ,2009-09-08,3170.967
399300.SZ,2009-09-09,3194.909
399300.SZ,2009-09-10,3162.914
399300.SZ,2009-09-11,3238.133
399300.SZ,2009-09-14,3293.394
399300.SZ,2009-09-15,3302.642
399300.SZ,2009-09-16,3258.236
399300.SZ,2009-09-17,3320.096
399300.SZ,2009-09-18,3199.689
399300.SZ,2009-09-21,3208.604
399300.SZ,2009-09-22,3131.026
399300.SZ,2009-09-23,3060.069
399300.SZ,2009-09-24,3080.926
399300.SZ,2009-09-25,3058.528
399300.SZ,2009-09-28,2972.643
399300.SZ,2009-09-29,2972.286
399300.SZ,2009-09-30,3004.805
399300.SZ,2009-10-09,3163.708
399300.SZ,2009-10-12,3151.632
399300.SZ,2009-10-13,3198.517
399300.SZ,2009-10-14,3227.399
399300.SZ,2009-10-15,3239.643
399300.SZ,2009-10-16,3241.709
399300.SZ,2009-10-19,3329.158
399300.SZ,2009-10-20,3377.574
399300.SZ,2009-10-21,3369.285
399300.SZ,2009-10-22,3347.32
399300.SZ,2009-10-23,3413.252
399300.SZ,2009-10-26,3414.239
399300.SZ,2009-10-27,3314.722
399300.SZ,2009-10-28,3329.327
399300.SZ,2009-10-29,3247.051
399300.SZ,2009-10-30,3280.372
399300.SZ,2009-11-02,3392.803
399300.SZ,2009-11-03,3435.425
399300.SZ,2009-11-04,3453.888
399300.SZ,2009-11-05,3464.318
399300.SZ,2009-11-06,3483.021
399300.SZ,2009-11-09,3495.788
399300.SZ,2009-11-10,3503.776
399300.SZ,2009-11-11,3495.674
399300.SZ,2009-11-12,3499.992
399300.SZ,2009-11-13,3518.722
399300.SZ,2009-11-16,3625.798
399300.SZ,2009-11-17,3628.354
399300.SZ,2009-11-18,3630.229
399300.SZ,2009-11-19,3642.437
399300.SZ,2009-11-20,3631.013
399300.SZ,2009-11-23,3665.509
399300.SZ,2009-11-24,3548.08
399300.SZ,2009-11-25,3629.629
399300.SZ,2009-11-26,3485.773
399300.SZ,2009-11-27,3382.51
399300.SZ,2009-11-30,3511.669
399300.SZ,2009-12-01,3560.831
399300.SZ,2009-12-02,3597.329
399300.SZ,2009-12-03,3590.876
399300.SZ,2009-12-04,3643.491
399300.SZ,2009-12-07,3668.832
399300.SZ,2009-12-08,3624.019
399300.SZ,2009-12-09,3554.478
399300.SZ,2009-12-10,3577.237
399300.SZ,2009-12-11,3575.02
399300.SZ,2009-12-14,3612.753
399300.SZ,2009-12-15,3583.341
399300.SZ,2009-12-16,3560.723
399300.SZ,2009-12-17,3480.153
399300.SZ,2009-12-18,3391.735
399300.SZ,2009-12-21,3396.622
399300.SZ,2009-12-22,3305.543
399300.SZ,2009-12-23,3336.48
399300.SZ,2009-12-24,3438.817
399300.SZ,2009-12-25,3424.783
399300.SZ,2009-12-28,3478.433
399300.SZ,2009-12-29,3500.737
399300.SZ,2009-12-30,3558.857
399300.SZ,2009-12-31,3575.684
399300.SZ,2010-01-04,3535.229
399300.SZ,2010-01-05,3564.038
399300.SZ,2010-01-06,3541.727
399300.SZ,2010-01-07,3471.456
399300.SZ,2010-01-08,3480.13
399300.SZ,2010-01-11,3482.052
399300.SZ,2010-01-12,3534.916
399300.SZ,2010-01-13,3421.144
399300.SZ,2010-01-14,3469.051
399300.SZ,2010-01-15,3482.738
399300.SZ,2010-01-18,3500.684
399300.SZ,2010-01-19,3507.482
399300.SZ,2010-01-20,3394.434
399300.SZ,2010-01-21,3408.574
399300.SZ,2010-01-22,3366.197
399300.SZ,2010-01-25,3328.014
399300.SZ,2010-01-26,3242.797
399300.SZ,2010-01-27,3198.566
399300.SZ,2010-01-28,3206.57
399300.SZ,2010-01-29,3204.155
399300.SZ,2010-02-01,3152.707
399300.SZ,2010-02-02,3146.189
399300.SZ,2010-02-03,3230.715
399300.SZ,2010-02-04,3218.802
399300.SZ,2010-02-05,3153.087
399300.SZ,2010-02-08,3150.988
399300.SZ,2010-02-09,3169.19
399300.SZ,2010-02-10,3214.13
399300.SZ,2010-02-11,3220.398
399300.SZ,2010-02-12,3251.278
399300.SZ,2010-02-22,3233.345
399300.SZ,2010-02-23,3198.634
399300.SZ,2010-02-24,3244.483
399300.SZ,2010-02-25,3292.128
399300.SZ,2010-02-26,3281.666
399300.SZ,2010-03-01,3324.423
399300.SZ,2010-03-02,3311.236
399300.SZ,2010-03-03,3335.081
399300.SZ,2010-03-04,3250.573
399300.SZ,2010-03-05,3259.764
399300.SZ,2010-03-08,3286.178
399300.SZ,2010-03-09,3305.863
399300.SZ,2010-03-10,3279.694
399300.SZ,2010-03-11,3276.705
399300.SZ,2010-03-12,3233.126
399300.SZ,2010-03-15,3183.183
399300.SZ,2010-03-16,3203.971
399300.SZ,2010-03-17,3273.916
399300.SZ,2010-03-18,3267.555
399300.SZ,2010-03-19,3293.871
399300.SZ,2010-03-22,3302.628
399300.SZ,2010-03-23,3275.573
399300.SZ,2010-03-24,3276.669
399300.SZ,2010-03-25,3229.128
399300.SZ,2010-03-26,3275.002
399300.SZ,2010-03-29,3358.54
399300.SZ,2010-03-30,3366.708
399300.SZ,2010-03-31,3345.607
399300.SZ,2010-04-01,3391.935
399300.SZ,2010-04-02,3407.346
399300.SZ,2010-04-06,3405.145
399300.SZ,2010-04-07,3386.949
399300.SZ,2010-04-08,3346.744
399300.SZ,2010-04-09,3379.17
399300.SZ,2010-04-12,3351.478
399300.SZ,2010-04-13,3391.716
399300.SZ,2010-04-14,3403.707
399300.SZ,2010-04-15,3394.574
399300.SZ,2010-04-16,3356.332
399300.SZ,2010-04-19,3176.423
399300.SZ,2010-04-20,3173.374
399300.SZ,2010-04-21,3236.679
399300.SZ,2010-04-22,3201.541
399300.SZ,2010-04-23,3190.003
399300.SZ,2010-04-26,3171.997
399300.SZ,2010-04-27,3108.409
399300.SZ,2010-04-28,3097.353
399300.SZ,2010-04-29,3060.064
399300.SZ,2010-04-30,3067.365
399300.SZ,2010-05-04,3019.449
399300.SZ,2010-05-05,3036.394
399300.SZ,2010-05-06,2896.856
399300.SZ,2010-05-07,2836.789
399300.SZ,2010-05-10,2858.233
399300.SZ,2010-05-11,2800.817
399300.SZ,2010-05-12,2818.16
399300.SZ,2010-05-13,2886.911
399300.SZ,2010-05-14,2868.023
399300.SZ,2010-05-17,2714.715
399300.SZ,2010-05-18,2771.348
399300.SZ,2010-05-19,2762.174
399300.SZ,2010-05-20,2726.022
399300.SZ,2010-05-21,2768.791
399300.SZ,2010-05-24,2873.469
399300.SZ,2010-05-25,2813.943
399300.SZ,2010-05-26,2813.944
399300.SZ,2010-05-27,2859.979
399300.SZ,2010-05-28,2850.302
399300.SZ,2010-05-31,2773.264
399300.SZ,2010-06-01,2744.162
399300.SZ,2010-06-02,2757.527
399300.SZ,2010-06-03,2736.076
399300.SZ,2010-06-04,2744.391
399300.SZ,2010-06-07,2695.715
399300.SZ,2010-06-08,2699.336
399300.SZ,2010-06-09,2782.133
399300.SZ,2010-06-10,2750.023
399300.SZ,2010-06-11,2758.866
399300.SZ,2010-06-17,2742.733
399300.SZ,2010-06-18,2696.166
399300.SZ,2010-06-21,2780.663
399300.SZ,2010-06-22,2783.72
399300.SZ,2010-06-23,2758.495
399300.SZ,2010-06-24,2757.498
399300.SZ,2010-06-25,2736.287
399300.SZ,2010-06-28,2716.777
399300.SZ,2010-06-29,2592.019
399300.SZ,2010-06-30,2563.07
399300.SZ,2010-07-01,2526.071
399300.SZ,2010-07-02,2534.105
399300.SZ,2010-07-05,2512.651
399300.SZ,2010-07-06,2562.902
399300.SZ,2010-07-07,2580.477
399300.SZ,2010-07-08,2575.921
399300.SZ,2010-07-09,2647.104
399300.SZ,2010-07-12,2676.218
399300.SZ,2010-07-13,2634.593
399300.SZ,2010-07-14,2653.609
399300.SZ,2010-07-15,2608.519
399300.SZ,2010-07-16,2616.128
399300.SZ,2010-07-19,2682.472
399300.SZ,2010-07-20,2741.503
399300.SZ,2010-07-21,2747.335
399300.SZ,2010-07-22,2781.286
399300.SZ,2010-07-23,2793.076
399300.SZ,2010-07-26,2811.055
399300.SZ,2010-07-27,2795.724
399300.SZ,2010-07-28,2863.724
399300.SZ,2010-07-29,2877.976
399300.SZ,2010-07-30,2868.846
399300.SZ,2010-08-02,2917.275
399300.SZ,2010-08-03,2865.971
399300.SZ,2010-08-04,2876.434
399300.SZ,2010-08-05,2850.829
399300.SZ,2010-08-06,2897.659
399300.SZ,2010-08-09,2918.241
399300.SZ,2010-08-10,2832.638
399300.SZ,2010-08-11,2850.211
399300.SZ,2010-08-12,2816.386
399300.SZ,2010-08-13,2855.547
399300.SZ,2010-08-16,2922.083
399300.SZ,2010-08-17,2942.291
399300.SZ,2010-08-18,2937.362
399300.SZ,2010-08-19,2955.395
399300.SZ,2010-08-20,2898.333
399300.SZ,2010-08-23,2896.192
399300.SZ,2010-08-24,2911.827
399300.SZ,2010-08-25,2843.023
399300.SZ,2010-08-26,2850.093
399300.SZ,2010-08-27,2858.566
399300.SZ,2010-08-30,2915.01
399300.SZ,2010-08-31,2903.188
399300.SZ,2010-09-01,2884.042
399300.SZ,2010-09-02,2921.393
399300.SZ,2010-09-03,2920.205
399300.SZ,2010-09-06,2975.09
399300.SZ,2010-09-07,2983.108
399300.SZ,2010-09-08,2980.967
399300.SZ,2010-09-09,2926.46
399300.SZ,2010-09-10,2932.554
399300.SZ,2010-09-13,2962.319
399300.SZ,2010-09-14,2965.009
399300.SZ,2010-09-15,2913.194
399300.SZ,2010-09-16,2857.789
399300.SZ,2010-09-17,2861.369
399300.SZ,2010-09-20,2849.828
399300.SZ,2010-09-21,2857.476
399300.SZ,2010-09-27,2905.029
399300.SZ,2010-09-28,2880.907
399300.SZ,2010-09-29,2874.812
399300.SZ,2010-09-30,2935.574
399300.SZ,2010-10-08,3044.233
399300.SZ,2010-10-11,3132.895
399300.SZ,2010-10-12,3172.726
399300.SZ,2010-10-13,3217.577
399300.SZ,2010-10-14,3224.14
399300.SZ,2010-10-15,3327.683
399300.SZ,2010-10-18,3306.16
399300.SZ,2010-10-19,3375.674
399300.SZ,2010-10-20,3396.879
399300.SZ,2010-10-21,3374.685
399300.SZ,2010-10-22,3378.655
399300.SZ,2010-10-25,3481.081
399300.SZ,2010-10-26,3466.084
399300.SZ,2010-10-27,3403.872
399300.SZ,2010-10-28,3397.692
399300.SZ,2010-10-29,3379.983
399300.SZ,2010-11-01,3472.995
399300.SZ,2010-11-02,3463.131
399300.SZ,2010-11-03,3420.341
399300.SZ,2010-11-04,3480.505
399300.SZ,2010-11-05,3520.798
399300.SZ,2010-11-08,3548.566
399300.SZ,2010-11-09,3523.954
399300.SZ,2010-11-10,3499.111
399300.SZ,2010-11-11,3509.975
399300.SZ,2010-11-12,3291.833
399300.SZ,2010-11-15,3314.893
399300.SZ,2010-11-16,3169.538
399300.SZ,2010-11-17,3103.906
399300.SZ,2010-11-18,3147.962
399300.SZ,2010-11-19,3178.846
399300.SZ,2010-11-22,3171.941
399300.SZ,2010-11-23,3107.176
399300.SZ,2010-11-24,3177.043
399300.SZ,2010-11-25,3223.484
399300.SZ,2010-11-26,3194.853
399300.SZ,2010-11-29,3190.05
399300.SZ,2010-11-30,3136.985
399300.SZ,2010-12-01,3136.024
399300.SZ,2010-12-02,3155.059
399300.SZ,2010-12-03,3158.156
399300.SZ,2010-12-06,3165.57
399300.SZ,2010-12-07,3200.339
399300.SZ,2010-12-08,3171.882
399300.SZ,2010-12-09,3123.366
399300.SZ,2010-12-10,3161.977
399300.SZ,2010-12-13,3261.061
399300.SZ,2010-12-14,3269.474
399300.SZ,2010-12-15,3247.644
399300.SZ,2010-12-16,3230.665
399300.SZ,2010-12-17,3225.661
399300.SZ,2010-12-20,3178.657
399300.SZ,2010-12-21,3249.509
399300.SZ,2010-12-22,3215.453
399300.SZ,2010-12-23,3188.607
399300.SZ,2010-12-24,3162.955
399300.SZ,2010-12-27,3099.709
399300.SZ,2010-12-28,3044.931
399300.SZ,2010-12-29,3061.83
399300.SZ,2010-12-30,3064.098
399300.SZ,2010-12-31,3128.261
399300.SZ,2011-01-04,3189.682
399300.SZ,2011-01-05,3175.662
399300.SZ,2011-01-06,3159.643
399300.SZ,2011-01-07,3166.624
399300.SZ,2011-01-10,3108.187
399300.SZ,2011-01-11,3124.922
399300.SZ,2011-01-12,3142.337
399300.SZ,2011-01-13,3141.284
399300.SZ,2011-01-14,3091.862
399300.SZ,2011-01-17,2974.35
399300.SZ,2011-01-18,2977.648
399300.SZ,2011-01-19,3044.851
399300.SZ,2011-01-20,2944.713
399300.SZ,2011-01-21,2983.456
399300.SZ,2011-01-24,2954.232
399300.SZ,2011-01-25,2938.654
399300.SZ,2011-01-26,2978.431
399300.SZ,2011-01-27,3026.466
399300.SZ,2011-01-28,3036.735
399300.SZ,2011-01-31,3076.508
399300.SZ,2011-02-01,3077.283
399300.SZ,2011-02-09,3040.949
399300.SZ,2011-02-10,3104.163
399300.SZ,2011-02-11,3120.956
399300.SZ,2011-02-14,3219.143
399300.SZ,2011-02-15,3217.671
399300.SZ,2011-02-16,3248.527
399300.SZ,2011-02-17,3245.907
399300.SZ,2011-02-18,3211.876
399300.SZ,2011-02-21,3257.908
399300.SZ,2011-02-22,3163.578
399300.SZ,2011-02-23,3174.742
399300.SZ,2011-02-24,3190.935
399300.SZ,2011-02-25,3197.617
399300.SZ,2011-02-28,3239.559
399300.SZ,2011-03-01,3254.893
399300.SZ,2011-03-02,3243.298
399300.SZ,2011-03-03,3221.718
399300.SZ,2011-03-04,3270.666
399300.SZ,2011-03-07,3334.51
399300.SZ,2011-03-08,3337.457
399300.SZ,2011-03-09,3338.858
399300.SZ,2011-03-10,3280.259
399300.SZ,2011-03-11,3247.376
399300.SZ,2011-03-14,3262.92
399300.SZ,2011-03-15,3203.961
399300.SZ,2011-03-16,3248.195
399300.SZ,2011-03-17,3197.1
399300.SZ,2011-03-18,3215.685
399300.SZ,2011-03-21,3207.11
399300.SZ,2011-03-22,3222.961
399300.SZ,2011-03-23,3264.926
399300.SZ,2011-03-24,3251.361
399300.SZ,2011-03-25,3294.484
399300.SZ,2011-03-28,3290.571
399300.SZ,2011-03-29,3257.979
399300.SZ,2011-03-30,3256.08
399300.SZ,2011-03-31,3223.288
399300.SZ,2011-04-01,3272.729
399300.SZ,2011-04-06,3311.067
399300.SZ,2011-04-07,3324.419
399300.SZ,2011-04-08,3353.358
399300.SZ,2011-04-11,3333.427
399300.SZ,2011-04-12,3326.771
399300.SZ,2011-04-13,3372.031
399300.SZ,2011-04-14,3353.56
399300.SZ,2011-04-15,3358.944
399300.SZ,2011-04-18,3359.438
399300.SZ,2011-04-19,3295.812
399300.SZ,2011-04-20,3295.758
399300.SZ,2011-04-21,3317.367
399300.SZ,2011-04-22,3299.942
399300.SZ,2011-04-25,3249.574
399300.SZ,2011-04-26,3230.96
399300.SZ,2011-04-27,3209.503
399300.SZ,2011-04-28,3161.776
399300.SZ,2011-04-29,3192.723
399300.SZ,2011-05-03,3211.132
399300.SZ,2011-05-04,3129.028
399300.SZ,2011-05-05,3126.117
399300.SZ,2011-05-06,3121.396
399300.SZ,2011-05-09,3129.759
399300.SZ,2011-05-10,3153.221
399300.SZ,2011-05-11,3145.085
399300.SZ,2011-05-12,3101.603
399300.SZ,2011-05-13,3128.093
399300.SZ,2011-05-16,3100.463
399300.SZ,2011-05-17,3116.028
399300.SZ,2011-05-18,3139.379
399300.SZ,2011-05-19,3120.639
399300.SZ,2011-05-20,3121.596
399300.SZ,2011-05-23,3022.98
399300.SZ,2011-05-24,3026.223
399300.SZ,2011-05-25,2990.343
399300.SZ,2011-05-26,2978.381
399300.SZ,2011-05-27,2963.308
399300.SZ,2011-05-30,2954.506
399300.SZ,2011-05-31,3001.556
399300.SZ,2011-06-01,3004.173
399300.SZ,2011-06-02,2955.705
399300.SZ,2011-06-03,2986.349
399300.SZ,2011-06-07,3004.262
399300.SZ,2011-06-08,3008.652
399300.SZ,2011-06-09,2951.889
399300.SZ,2011-06-10,2961.932
399300.SZ,2011-06-13,2950.348
399300.SZ,2011-06-14,2993.559
399300.SZ,2011-06-15,2963.119
399300.SZ,2011-06-16,2917.578
399300.SZ,2011-06-17,2892.157
399300.SZ,2011-06-20,2874.896
399300.SZ,2011-06-21,2909.073
399300.SZ,2011-06-22,2908.582
399300.SZ,2011-06-23,2957.629
399300.SZ,2011-06-24,3027.47
399300.SZ,2011-06-27,3036.491
399300.SZ,2011-06-28,3041.734
399300.SZ,2011-06-29,3000.169
399300.SZ,2011-06-30,3044.089
399300.SZ,2011-07-01,3049.745
399300.SZ,2011-07-04,3121.98
399300.SZ,2011-07-05,3122.5
399300.SZ,2011-07-06,3113.712
399300.SZ,2011-07-07,3101.68
399300.SZ,2011-07-08,3109.183
399300.SZ,2011-07-11,3113.206
399300.SZ,2011-07-12,3056.905
399300.SZ,2011-07-13,3106.247
399300.SZ,2011-07-14,3115.745
399300.SZ,2011-07-15,3128.889
399300.SZ,2011-07-18,3122.6
399300.SZ,2011-07-19,3095.125
399300.SZ,2011-07-20,3091.567
399300.SZ,2011-07-21,3059.139
399300.SZ,2011-07-22,3067.985
399300.SZ,2011-07-25,2968.289
399300.SZ,2011-07-26,2977.766
399300.SZ,2011-07-27,3000.052
399300.SZ,2011-07-28,2981.002
399300.SZ,2011-07-29,2972.079
399300.SZ,2011-08-01,2977.721
399300.SZ,2011-08-02,2956.383
399300.SZ,2011-08-03,2954.87
399300.SZ,2011-08-04,2960.309
399300.SZ,2011-08-05,2897.417
399300.SZ,2011-08-08,2793.897
399300.SZ,2011-08-09,2798.19
399300.SZ,2011-08-10,2824.12
399300.SZ,2011-08-11,2866.924
399300.SZ,2011-08-12,2875.365
399300.SZ,2011-08-15,2917.883
399300.SZ,2011-08-16,2897.581
399300.SZ,2011-08-17,2886.013
399300.SZ,2011-08-18,2834.254
399300.SZ,2011-08-19,2807.664
399300.SZ,2011-08-22,2777.787
399300.SZ,2011-08-23,2821.003
399300.SZ,2011-08-24,2810.016
399300.SZ,2011-08-25,2903.837
399300.SZ,2011-08-26,2901.216
399300.SZ,2011-08-29,2852.809
399300.SZ,2011-08-30,2841.74
399300.SZ,2011-08-31,2846.776
399300.SZ,2011-09-01,2834.535
399300.SZ,2011-09-02,2803.854
399300.SZ,2011-09-05,2743.817
399300.SZ,2011-09-06,2723.303
399300.SZ,2011-09-07,2779.09
399300.SZ,2011-09-08,2756.105
399300.SZ,2011-09-09,2751.095
399300.SZ,2011-09-13,2720.283
399300.SZ,2011-09-14,2733.108
399300.SZ,2011-09-15,2729.051
399300.SZ,2011-09-16,2733.987
399300.SZ,2011-09-19,2679.27
399300.SZ,2011-09-20,2689.845
399300.SZ,2011-09-21,2771.011
399300.SZ,2011-09-22,2685.688
399300.SZ,2011-09-23,2669.478
399300.SZ,2011-09-26,2610.919
399300.SZ,2011-09-27,2637.879
399300.SZ,2011-09-28,2610.59
399300.SZ,2011-09-29,2588.185
399300.SZ,2011-09-30,2581.351
399300.SZ,2011-10-10,2557.082
399300.SZ,2011-10-11,2551.994
399300.SZ,2011-10-12,2644.758
399300.SZ,2011-10-13,2662.601
399300.SZ,2011-10-14,2653.782
399300.SZ,2011-10-17,2666.951
399300.SZ,2011-10-18,2592.209
399300.SZ,2011-10-19,2583.081
399300.SZ,2011-10-20,2520.532
399300.SZ,2011-10-21,2507.877
399300.SZ,2011-10-24,2576.669
399300.SZ,2011-10-25,2625.425
399300.SZ,2011-10-26,2651.652
399300.SZ,2011-10-27,2657.478
399300.SZ,2011-10-28,2709.017
399300.SZ,2011-10-31,2695.307
399300.SZ,2011-11-01,2697.534
399300.SZ,2011-11-02,2742.39
399300.SZ,2011-11-03,2744.301
399300.SZ,2011-11-04,2763.746
399300.SZ,2011-11-07,2736.248
399300.SZ,2011-11-08,2727.71
399300.SZ,2011-11-09,2751.654
399300.SZ,2011-11-10,2699.588
399300.SZ,2011-11-11,2695.002
399300.SZ,2011-11-14,2750.195
399300.SZ,2011-11-15,2744.68
399300.SZ,2011-11-16,2670.116
399300.SZ,2011-11-17,2662.017
399300.SZ,2011-11-18,2606.495
399300.SZ,2011-11-21,2609.687
399300.SZ,2011-11-22,2609.475
399300.SZ,2011-11-23,2584.011
399300.SZ,2011-11-24,2588.915
399300.SZ,2011-11-25,2569.973
399300.SZ,2011-11-28,2573.321
399300.SZ,2011-11-29,2608.569
399300.SZ,2011-11-30,2521.52
399300.SZ,2011-12-01,2583.613
399300.SZ,2011-12-02,2557.311
399300.SZ,2011-12-05,2521.385
399300.SZ,2011-12-06,2516.341
399300.SZ,2011-12-07,2528.228
399300.SZ,2011-12-08,2525.001
399300.SZ,2011-12-09,2503.461
399300.SZ,2011-12-12,2477.692
399300.SZ,2011-12-13,2421.928
399300.SZ,2011-12-14,2397.48
399300.SZ,2011-12-15,2340.788
399300.SZ,2011-12-16,2390.129
399300.SZ,2011-12-19,2384.408
399300.SZ,2011-12-20,2377.073
399300.SZ,2011-12-21,2339.108
399300.SZ,2011-12-22,2341.335
399300.SZ,2011-12-23,2359.159
399300.SZ,2011-12-26,2335.702
399300.SZ,2011-12-27,2305.035
399300.SZ,2011-12-28,2307.928
399300.SZ,2011-12-29,2311.361
399300.SZ,2011-12-30,2345.742
399300.SZ,2012-01-04,2298.753
399300.SZ,2012-01-05,2276.385
399300.SZ,2012-01-06,2290.601
399300.SZ,2012-01-09,2368.57
399300.SZ,2012-01-10,2447.349
399300.SZ,2012-01-11,2435.608
399300.SZ,2012-01-12,2435.219
399300.SZ,2012-01-13,2394.334
399300.SZ,2012-01-16,2345.649
399300.SZ,2012-01-17,2460.601
399300.SZ,2012-01-18,2422.189
399300.SZ,2012-01-19,2468.35
399300.SZ,2012-01-20,2504.086
399300.SZ,2012-01-30,2460.72
399300.SZ,2012-01-31,2464.26
399300.SZ,2012-02-01,2428.994
399300.SZ,2012-02-02,2486.238
399300.SZ,2012-02-03,2506.09
399300.SZ,2012-02-06,2504.322
399300.SZ,2012-02-07,2457.954
399300.SZ,2012-02-08,2528.236
399300.SZ,2012-02-09,2529.231
399300.SZ,2012-02-10,2533.624
399300.SZ,2012-02-13,2531.981
399300.SZ,2012-02-14,2522.107
399300.SZ,2012-02-15,2549.607
399300.SZ,2012-02-16,2536.074
399300.SZ,2012-02-17,2537.086
399300.SZ,2012-02-20,2540.706
399300.SZ,2012-02-21,2562.453
399300.SZ,2012-02-22,2597.476
399300.SZ,2012-02-23,2606.256
399300.SZ,2012-02-24,2648.017
399300.SZ,2012-02-27,2656.573
399300.SZ,2012-02-28,2662.463
399300.SZ,2012-02-29,2634.143
399300.SZ,2012-03-01,2633.345
399300.SZ,2012-03-02,2679.934
399300.SZ,2012-03-05,2662.698
399300.SZ,2012-03-06,2621.052
399300.SZ,2012-03-07,2603.005
399300.SZ,2012-03-08,2635.791
399300.SZ,2012-03-09,2664.302
399300.SZ,2012-03-12,2654.402
399300.SZ,2012-03-13,2681.073
399300.SZ,2012-03-14,2605.106
399300.SZ,2012-03-15,2585.546
399300.SZ,2012-03-16,2623.52
399300.SZ,2012-03-19,2630.013
399300.SZ,2012-03-20,2584.445
399300.SZ,2012-03-21,2587.793
399300.SZ,2012-03-22,2583.747
399300.SZ,2012-03-23,2552.94
399300.SZ,2012-03-26,2555.442
399300.SZ,2012-03-27,2547.143
399300.SZ,2012-03-28,2474.9
399300.SZ,2012-03-29,2443.122
399300.SZ,2012-03-30,2454.899
399300.SZ,2012-04-05,2512.832
399300.SZ,2012-04-06,2519.83
399300.SZ,2012-04-09,2495.146
399300.SZ,2012-04-10,2519.788
399300.SZ,2012-04-11,2520.036
399300.SZ,2012-04-12,2570.436
399300.SZ,2012-04-13,2580.454
399300.SZ,2012-04-16,2574.044
399300.SZ,2012-04-17,2541.883
399300.SZ,2012-04-18,2599.908
399300.SZ,2012-04-19,2596.056
399300.SZ,2012-04-20,2626.839
399300.SZ,2012-04-23,2606.038
399300.SZ,2012-04-24,2604.866
399300.SZ,2012-04-25,2625.99
399300.SZ,2012-04-26,2631.487
399300.SZ,2012-04-27,2626.157
399300.SZ,2012-05-02,2683.487
399300.SZ,2012-05-03,2691.518
399300.SZ,2012-05-04,2715.879
399300.SZ,2012-05-07,2717.778
399300.SZ,2012-05-08,2709.116
399300.SZ,2012-05-09,2657.514
399300.SZ,2012-05-10,2657.214
399300.SZ,2012-05-11,2636.917
399300.SZ,2012-05-14,2615.534
399300.SZ,2012-05-15,2617.374
399300.SZ,2012-05-16,2574.647
399300.SZ,2012-05-17,2613.942
399300.SZ,2012-05-18,2573.976
399300.SZ,2012-05-21,2587.231
399300.SZ,2012-05-22,2627.525
399300.SZ,2012-05-23,2616.869
399300.SZ,2012-05-24,2595.26
399300.SZ,2012-05-25,2573.103
399300.SZ,2012-05-28,2614.689
399300.SZ,2012-05-29,2650.854
399300.SZ,2012-05-30,2642.258
399300.SZ,2012-05-31,2632.042
399300.SZ,2012-06-01,2632.998
399300.SZ,2012-06-04,2559.026
399300.SZ,2012-06-05,2558.842
399300.SZ,2012-06-06,2557.401
399300.SZ,2012-06-07,2542.184
399300.SZ,2012-06-08,2524.329
399300.SZ,2012-06-11,2558.265
399300.SZ,2012-06-12,2540.178
399300.SZ,2012-06-13,2580.636
399300.SZ,2012-06-14,2560.421
399300.SZ,2012-06-15,2568.054
399300.SZ,2012-06-18,2581.212
399300.SZ,2012-06-19,2558.621
399300.SZ,2012-06-20,2552.611
399300.SZ,2012-06-21,2512.185
399300.SZ,2012-06-25,2456.518
399300.SZ,2012-06-26,2454.915
399300.SZ,2012-06-27,2447.195
399300.SZ,2012-06-28,2425.729
399300.SZ,2012-06-29,2461.612
399300.SZ,2012-07-02,2465.238
399300.SZ,2012-07-03,2468.721
399300.SZ,2012-07-04,2464.919
399300.SZ,2012-07-05,2430.37
399300.SZ,2012-07-06,2472.614
399300.SZ,2012-07-09,2416.036
399300.SZ,2012-07-10,2406.706
399300.SZ,2012-07-11,2425.572
399300.SZ,2012-07-12,2449.181
399300.SZ,2012-07-13,2450.633
399300.SZ,2012-07-16,2399.731
399300.SZ,2012-07-17,2414.201
399300.SZ,2012-07-18,2414.335
399300.SZ,2012-07-19,2424.322
399300.SZ,2012-07-20,2398.455
399300.SZ,2012-07-23,2365.431
399300.SZ,2012-07-24,2375.992
399300.SZ,2012-07-25,2360.083
399300.SZ,2012-07-26,2347.488
399300.SZ,2012-07-27,2349.108
399300.SZ,2012-07-30,2335.793
399300.SZ,2012-07-31,2332.922
399300.SZ,2012-08-01,2358.651
399300.SZ,2012-08-02,2334.882
399300.SZ,2012-08-03,2353.737
399300.SZ,2012-08-06,2385.611
399300.SZ,2012-08-07,2388.873
399300.SZ,2012-08-08,2389.795
399300.SZ,2012-08-09,2411.7
399300.SZ,2012-08-10,2399.751
399300.SZ,2012-08-13,2351.931
399300.SZ,2012-08-14,2357.016
399300.SZ,2012-08-15,2331.615
399300.SZ,2012-08-16,2319.67
399300.SZ,2012-08-17,2313.476
399300.SZ,2012-08-20,2301.788
399300.SZ,2012-08-21,2313.703
399300.SZ,2012-08-22,2295.586
399300.SZ,2012-08-23,2302.199
399300.SZ,2012-08-24,2275.677
399300.SZ,2012-08-27,2228.204
399300.SZ,2012-08-28,2238.411
399300.SZ,2012-08-29,2214.814
399300.SZ,2012-08-30,2211.37
399300.SZ,2012-08-31,2204.868
399300.SZ,2012-09-03,2228.369
399300.SZ,2012-09-04,2204.407
399300.SZ,2012-09-05,2199.875
399300.SZ,2012-09-06,2217.823
399300.SZ,2012-09-07,2317.179
399300.SZ,2012-09-10,2326.666
399300.SZ,2012-09-11,2311.89
399300.SZ,2012-09-12,2320.071
399300.SZ,2012-09-13,2298.461
399300.SZ,2012-09-14,2315.542
399300.SZ,2012-09-17,2258.705
399300.SZ,2012-09-18,2235.239
399300.SZ,2012-09-19,2246.236
399300.SZ,2012-09-20,2195.951
399300.SZ,2012-09-21,2199.063
399300.SZ,2012-09-24,2215.516
399300.SZ,2012-09-25,2210.154
399300.SZ,2012-09-26,2184.891
399300.SZ,2012-09-27,2251.717
399300.SZ,2012-09-28,2293.106
399300.SZ,2012-10-08,2270.054
399300.SZ,2012-10-09,2320.157
399300.SZ,2012-10-10,2324.117
399300.SZ,2012-10-11,2302.533
399300.SZ,2012-10-12,2304.531
399300.SZ,2012-10-15,2294.857
399300.SZ,2012-10-16,2298.162
399300.SZ,2012-10-17,2300.803
399300.SZ,2012-10-18,2336.077
399300.SZ,2012-10-19,2332.47
399300.SZ,2012-10-22,2341.592
399300.SZ,2012-10-23,2312.077
399300.SZ,2012-10-24,2307.779
399300.SZ,2012-10-25,2291.239
399300.SZ,2012-10-26,2247.907
399300.SZ,2012-10-29,2235.854
399300.SZ,2012-10-30,2239.882
399300.SZ,2012-10-31,2254.82
399300.SZ,2012-11-01,2297.884
399300.SZ,2012-11-02,2306.774
399300.SZ,2012-11-05,2301.88
399300.SZ,2012-11-06,2292.206
399300.SZ,2012-11-07,2287.505
399300.SZ,2012-11-08,2245.405
399300.SZ,2012-11-09,2240.924
399300.SZ,2012-11-12,2251.848
399300.SZ,2012-11-13,2212.44
399300.SZ,2012-11-14,2223.11
399300.SZ,2012-11-15,2193.623
399300.SZ,2012-11-16,2177.24
399300.SZ,2012-11-19,2174.985
399300.SZ,2012-11-20,2164.881
399300.SZ,2012-11-21,2194.896
399300.SZ,2012-11-22,2177.546
399300.SZ,2012-11-23,2192.676
399300.SZ,2012-11-26,2175.599
399300.SZ,2012-11-27,2150.638
399300.SZ,2012-11-28,2129.161
399300.SZ,2012-11-29,2115.676
399300.SZ,2012-11-30,2139.661
399300.SZ,2012-12-03,2108.85
399300.SZ,2012-12-04,2131.473
399300.SZ,2012-12-05,2207.878
399300.SZ,2012-12-06,2203.602
399300.SZ,2012-12-07,2246.757
399300.SZ,2012-12-10,2271.046
399300.SZ,2012-12-11,2258.5
399300.SZ,2012-12-12,2267.767
399300.SZ,2012-12-13,2242.635
399300.SZ,2012-12-14,2355.865
399300.SZ,2012-12-17,2366.7
399300.SZ,2012-12-18,2368.12
399300.SZ,2012-12-19,2371.109
399300.SZ,2012-12-20,2384.816
399300.SZ,2012-12-21,2372.002
399300.SZ,2012-12-24,2381.217
399300.SZ,2012-12-25,2448.395
399300.SZ,2012-12-26,2457.619
399300.SZ,2012-12-27,2444.594
399300.SZ,2012-12-28,2480.049
399300.SZ,2012-12-31,2522.952
399300.SZ,2013-01-04,2524.409
399300.SZ,2013-01-07,2535.985
399300.SZ,2013-01-08,2525.33
399300.SZ,2013-01-09,2526.126
399300.SZ,2013-01-10,2530.569
399300.SZ,2013-01-11,2483.23
399300.SZ,2013-01-14,2577.725
399300.SZ,2013-01-15,2595.856
399300.SZ,2013-01-16,2577.092
399300.SZ,2013-01-17,2552.758
399300.SZ,2013-01-18,2595.439
399300.SZ,2013-01-21,2610.898
399300.SZ,2013-01-22,2596.898
399300.SZ,2013-01-23,2607.456
399300.SZ,2013-01-24,2582.755
399300.SZ,2013-01-25,2571.674
399300.SZ,2013-01-28,2651.863
399300.SZ,2013-01-29,2675.866
399300.SZ,2013-01-30,2688.711
399300.SZ,2013-01-31,2686.882
399300.SZ,2013-02-01,2743.324
399300.SZ,2013-02-04,2748.028
399300.SZ,2013-02-05,2771.675
399300.SZ,2013-02-06,2775.844
399300.SZ,2013-02-07,2759.87
399300.SZ,2013-02-08,2771.725
399300.SZ,2013-02-18,2737.471
399300.SZ,2013-02-19,2685.606
399300.SZ,2013-02-20,2702.635
399300.SZ,2013-02-21,2610.549
399300.SZ,2013-02-22,2596.604
399300.SZ,2013-02-25,2604.96
399300.SZ,2013-02-26,2567.595
399300.SZ,2013-02-27,2594.677
399300.SZ,2013-02-28,2673.327
399300.SZ,2013-03-01,2668.836
399300.SZ,2013-03-04,2545.715
399300.SZ,2013-03-05,2622.807
399300.SZ,2013-03-06,2650.202
399300.SZ,2013-03-07,2619.479
399300.SZ,2013-03-08,2606.927
399300.SZ,2013-03-11,2592.372
399300.SZ,2013-03-12,2555.615
399300.SZ,2013-03-13,2527.486
399300.SZ,2013-03-14,2534.273
399300.SZ,2013-03-15,2539.873
399300.SZ,2013-03-18,2502.493
399300.SZ,2013-03-19,2525.097
399300.SZ,2013-03-20,2610.174
399300.SZ,2013-03-21,2614.988
399300.SZ,2013-03-22,2618.308
399300.SZ,2013-03-25,2613.097
399300.SZ,2013-03-26,2575.05
399300.SZ,2013-03-27,2583.53
399300.SZ,2013-03-28,2499.302
399300.SZ,2013-03-29,2495.083
399300.SZ,2013-04-01,2493.187
399300.SZ,2013-04-02,2486.391
399300.SZ,2013-04-03,2483.547
399300.SZ,2013-04-08,2472.299
399300.SZ,2013-04-09,2489.43
399300.SZ,2013-04-10,2485.309
399300.SZ,2013-04-11,2477.876
399300.SZ,2013-04-12,2462.112
399300.SZ,2013-04-15,2436.818
399300.SZ,2013-04-16,2459.592
399300.SZ,2013-04-17,2458.473
399300.SZ,2013-04-18,2464.851
399300.SZ,2013-04-19,2533.827
399300.SZ,2013-04-22,2530.67
399300.SZ,2013-04-23,2449.471
399300.SZ,2013-04-24,2495.579
399300.SZ,2013-04-25,2467.875
399300.SZ,2013-04-26,2447.306
399300.SZ,2013-05-02,2449.639
399300.SZ,2013-05-03,2492.912
399300.SZ,2013-05-06,2525.983
399300.SZ,2013-05-07,2529.938
399300.SZ,2013-05-08,2542.798
399300.SZ,2013-05-09,2527.794
399300.SZ,2013-05-10,2540.836
399300.SZ,2013-05-13,2530.768
399300.SZ,2013-05-14,2493.338
399300.SZ,2013-05-15,2506.925
399300.SZ,2013-05-16,2552.709
399300.SZ,2013-05-17,2592.048
399300.SZ,2013-05-20,2609.607
399300.SZ,2013-05-21,2614.853
399300.SZ,2013-05-22,2618.034
399300.SZ,2013-05-23,2582.849
399300.SZ,2013-05-24,2597.228
399300.SZ,2013-05-27,2599.587
399300.SZ,2013-05-28,2644.359
399300.SZ,2013-05-29,2642.561
399300.SZ,2013-05-30,2634.323
399300.SZ,2013-05-31,2606.426
399300.SZ,2013-06-03,2602.623
399300.SZ,2013-06-04,2565.666
399300.SZ,2013-06-05,2560.539
399300.SZ,2013-06-06,2527.845
399300.SZ,2013-06-07,2484.16
399300.SZ,2013-06-13,2399.937
399300.SZ,2013-06-14,2416.771
399300.SZ,2013-06-17,2403.839
399300.SZ,2013-06-18,2418.745
399300.SZ,2013-06-19,2400.765
399300.SZ,2013-06-20,2321.466
399300.SZ,2013-06-21,2317.394
399300.SZ,2013-06-24,2171.21
399300.SZ,2013-06-25,2165.421
399300.SZ,2013-06-26,2168.297
399300.SZ,2013-06-27,2160.735
399300.SZ,2013-06-28,2200.639
399300.SZ,2013-07-01,2213.317
399300.SZ,2013-07-02,2221.984
399300.SZ,2013-07-03,2203.828
399300.SZ,2013-07-04,2221.979
399300.SZ,2013-07-05,2226.849
399300.SZ,2013-07-08,2163.619
399300.SZ,2013-07-09,2162.669
399300.SZ,2013-07-10,2224.065
399300.SZ,2013-07-11,2326.688
399300.SZ,2013-07-12,2275.373
399300.SZ,2013-07-15,2307.297
399300.SZ,2013-07-16,2317.848
399300.SZ,2013-07-17,2282.836
399300.SZ,2013-07-18,2245.328
399300.SZ,2013-07-19,2190.478
399300.SZ,2013-07-22,2202.189
399300.SZ,2013-07-23,2265.845
399300.SZ,2013-07-24,2249.151
399300.SZ,2013-07-25,2237.683
399300.SZ,2013-07-26,2224.008
399300.SZ,2013-07-29,2175.97
399300.SZ,2013-07-30,2189.388
399300.SZ,2013-07-31,2193.021
399300.SZ,2013-08-01,2245.364
399300.SZ,2013-08-02,2247.263
399300.SZ,2013-08-05,2278.329
399300.SZ,2013-08-06,2293.641
399300.SZ,2013-08-07,2280.623
399300.SZ,2013-08-08,2276.782
399300.SZ,2013-08-09,2286.01
399300.SZ,2013-08-12,2352.794
399300.SZ,2013-08-13,2359.068
399300.SZ,2013-08-14,2349.08
399300.SZ,2013-08-15,2321.576
399300.SZ,2013-08-16,2304.144
399300.SZ,2013-08-19,2331.43
399300.SZ,2013-08-20,2312.465
399300.SZ,2013-08-21,2308.589
399300.SZ,2013-08-22,2303.932
399300.SZ,2013-08-23,2286.929
399300.SZ,2013-08-26,2335.616
399300.SZ,2013-08-27,2340.881
399300.SZ,2013-08-28,2328.056
399300.SZ,2013-08-29,2318.311
399300.SZ,2013-08-30,2313.91
399300.SZ,2013-09-02,2320.344
399300.SZ,2013-09-03,2354.502
399300.SZ,2013-09-04,2350.699
399300.SZ,2013-09-05,2341.735
399300.SZ,2013-09-06,2357.782
399300.SZ,2013-09-09,2440.609
399300.SZ,2013-09-10,2474.894
399300.SZ,2013-09-11,2482.889
399300.SZ,2013-09-12,2507.455
399300.SZ,2013-09-13,2488.902
399300.SZ,2013-09-16,2478.39
399300.SZ,2013-09-17,2427.322
399300.SZ,2013-09-18,2432.51
399300.SZ,2013-09-23,2472.288
399300.SZ,2013-09-24,2443.885
399300.SZ,2013-09-25,2429.03
399300.SZ,2013-09-26,2384.443
399300.SZ,2013-09-27,2394.971
399300.SZ,2013-09-30,2409.037
399300.SZ,2013-10-08,2441.811
399300.SZ,2013-10-09,2453.583
399300.SZ,2013-10-10,2429.317
399300.SZ,2013-10-11,2468.508
399300.SZ,2013-10-14,2472.542
399300.SZ,2013-10-15,2467.517
399300.SZ,2013-10-16,2421.371
399300.SZ,2013-10-17,2413.33
399300.SZ,2013-10-18,2426.054
399300.SZ,2013-10-21,2471.322
399300.SZ,2013-10-22,2445.891
399300.SZ,2013-10-23,2418.491
399300.SZ,2013-10-24,2400.511
399300.SZ,2013-10-25,2368.559
399300.SZ,2013-10-28,2365.954
399300.SZ,2013-10-29,2372.053
399300.SZ,2013-10-30,2407.471
399300.SZ,2013-10-31,2373.718
399300.SZ,2013-11-01,2384.96
399300.SZ,2013-11-04,2380.454
399300.SZ,2013-11-05,2383.769
399300.SZ,2013-11-06,2353.568
399300.SZ,2013-11-07,2340.552
399300.SZ,2013-11-08,2307.945
399300.SZ,2013-11-11,2315.889
399300.SZ,2013-11-12,2340
399300.SZ,2013-11-13,2288.116
399300.SZ,2013-11-14,2304.501
399300.SZ,2013-11-15,2350.734
399300.SZ,2013-11-18,2428.903
399300.SZ,2013-11-19,2412.163
399300.SZ,2013-11-20,2424.85
399300.SZ,2013-11-21,2409.989
399300.SZ,2013-11-22,2397.962
399300.SZ,2013-11-25,2388.629
399300.SZ,2013-11-26,2387.416
399300.SZ,2013-11-27,2414.481
399300.SZ,2013-11-28,2439.53
399300.SZ,2013-11-29,2438.944
399300.SZ,2013-12-02,2418.788
399300.SZ,2013-12-03,2442.784
399300.SZ,2013-12-04,2475.135
399300.SZ,2013-12-05,2468.197
399300.SZ,2013-12-06,2452.287
399300.SZ,2013-12-09,2450.872
399300.SZ,2013-12-10,2453.322
399300.SZ,2013-12-11,2412.763
399300.SZ,2013-12-12,2410.015
399300.SZ,2013-12-13,2406.639
399300.SZ,2013-12-16,2367.923
399300.SZ,2013-12-17,2356.376
399300.SZ,2013-12-18,2357.226
399300.SZ,2013-12-19,2332.41
399300.SZ,2013-12-20,2278.136
399300.SZ,2013-12-23,2284.602
399300.SZ,2013-12-24,2288.248
399300.SZ,2013-12-25,2305.11
399300.SZ,2013-12-26,2265.334
399300.SZ,2013-12-27,2303.478
399300.SZ,2013-12-30,2299.458
399300.SZ,2013-12-31,2330.026
399300.SZ,2014-01-02,2321.978
399300.SZ,2014-01-03,2290.779
399300.SZ,2014-01-06,2238.637
399300.SZ,2014-01-07,2238.001
399300.SZ,2014-01-08,2241.911
399300.SZ,2014-01-09,2222.221
399300.SZ,2014-01-10,2204.851
399300.SZ,2014-01-13,2193.679
399300.SZ,2014-01-14,2212.846
399300.SZ,2014-01-15,2208.941
399300.SZ,2014-01-16,2211.844
399300.SZ,2014-01-17,2178.488
399300.SZ,2014-01-20,2165.993
399300.SZ,2014-01-21,2187.41
399300.SZ,2014-01-22,2243.796
399300.SZ,2014-01-23,2231.889
399300.SZ,2014-01-24,2245.678
399300.SZ,2014-01-27,2215.919
399300.SZ,2014-01-28,2219.855
399300.SZ,2014-01-29,2227.781
399300.SZ,2014-01-30,2202.45
399300.SZ,2014-02-07,2212.483
399300.SZ,2014-02-10,2267.534
399300.SZ,2014-02-11,2285.562
399300.SZ,2014-02-12,2291.246
399300.SZ,2014-02-13,2279.554
399300.SZ,2014-02-14,2295.575
399300.SZ,2014-02-17,2311.647
399300.SZ,2014-02-18,2282.442
399300.SZ,2014-02-19,2308.656
399300.SZ,2014-02-20,2287.436
399300.SZ,2014-02-21,2264.294
399300.SZ,2014-02-24,2214.509
399300.SZ,2014-02-25,2157.909
399300.SZ,2014-02-26,2163.405
399300.SZ,2014-02-27,2154.108
399300.SZ,2014-02-28,2178.971
399300.SZ,2014-03-03,2190.37
399300.SZ,2014-03-04,2184.273
399300.SZ,2014-03-05,2163.976
399300.SZ,2014-03-06,2173.634
399300.SZ,2014-03-07,2168.358
399300.SZ,2014-03-10,2097.787
399300.SZ,2014-03-11,2108.661
399300.SZ,2014-03-12,2114.134
399300.SZ,2014-03-13,2140.333
399300.SZ,2014-03-14,2122.836
399300.SZ,2014-03-17,2143.038
399300.SZ,2014-03-18,2138.133
399300.SZ,2014-03-19,2120.87
399300.SZ,2014-03-20,2086.967
399300.SZ,2014-03-21,2158.798
399300.SZ,2014-03-24,2176.554
399300.SZ,2014-03-25,2174.44
399300.SZ,2014-03-26,2171.047
399300.SZ,2014-03-27,2155.707
399300.SZ,2014-03-28,2151.965
399300.SZ,2014-03-31,2146.305
399300.SZ,2014-04-01,2163.115
399300.SZ,2014-04-02,2180.727
399300.SZ,2014-04-03,2165.008
399300.SZ,2014-04-04,2185.472
399300.SZ,2014-04-08,2237.316
399300.SZ,2014-04-09,2238.62
399300.SZ,2014-04-10,2273.761
399300.SZ,2014-04-11,2270.666
399300.SZ,2014-04-14,2268.613
399300.SZ,2014-04-15,2229.463
399300.SZ,2014-04-16,2232.526
399300.SZ,2014-04-17,2224.803
399300.SZ,2014-04-18,2224.479
399300.SZ,2014-04-21,2187.248
399300.SZ,2014-04-22,2196.795
399300.SZ,2014-04-23,2194.668
399300.SZ,2014-04-24,2190.474
399300.SZ,2014-04-25,2167.826
399300.SZ,2014-04-28,2134.969
399300.SZ,2014-04-29,2158.47
399300.SZ,2014-04-30,2158.659
399300.SZ,2014-05-05,2156.47
399300.SZ,2014-05-06,2157.328
399300.SZ,2014-05-07,2137.316
399300.SZ,2014-05-08,2135.496
399300.SZ,2014-05-09,2133.911
399300.SZ,2014-05-12,2180.054
399300.SZ,2014-05-13,2174.852
399300.SZ,2014-05-14,2172.372
399300.SZ,2014-05-15,2144.084
399300.SZ,2014-05-16,2145.952
399300.SZ,2014-05-19,2115.143
399300.SZ,2014-05-20,2115.771
399300.SZ,2014-05-21,2135.905
399300.SZ,2014-05-22,2130.868
399300.SZ,2014-05-23,2148.414
399300.SZ,2014-05-26,2155.976
399300.SZ,2014-05-27,2147.28
399300.SZ,2014-05-28,2169.352
399300.SZ,2014-05-29,2155.164
399300.SZ,2014-05-30,2156.464
399300.SZ,2014-06-03,2149.918
399300.SZ,2014-06-04,2128.274
399300.SZ,2014-06-05,2150.602
399300.SZ,2014-06-06,2134.716
399300.SZ,2014-06-09,2134.281
399300.SZ,2014-06-10,2161.268
399300.SZ,2014-06-11,2160.766
399300.SZ,2014-06-12,2153.41
399300.SZ,2014-06-13,2176.242
399300.SZ,2014-06-16,2191.855
399300.SZ,2014-06-17,2169.674
399300.SZ,2014-06-18,2160.239
399300.SZ,2014-06-19,2126.907
399300.SZ,2014-06-20,2136.729
399300.SZ,2014-06-23,2134.11
399300.SZ,2014-06-24,2144.821
399300.SZ,2014-06-25,2133.371
399300.SZ,2014-06-26,2149.076
399300.SZ,2014-06-27,2150.258
399300.SZ,2014-06-30,2165.118
399300.SZ,2014-07-01,2164.559
399300.SZ,2014-07-02,2170.867
399300.SZ,2014-07-03,2180.192
399300.SZ,2014-07-04,2178.695
399300.SZ,2014-07-07,2176.289
399300.SZ,2014-07-08,2180.473
399300.SZ,2014-07-09,2148.71
399300.SZ,2014-07-10,2142.847
399300.SZ,2014-07-11,2148.009
399300.SZ,2014-07-14,2171.758
399300.SZ,2014-07-15,2174.976
399300.SZ,2014-07-16,2170.868
399300.SZ,2014-07-17,2157.068
399300.SZ,2014-07-18,2164.144
399300.SZ,2014-07-21,2166.295
399300.SZ,2014-07-22,2192.698
399300.SZ,2014-07-23,2197.833
399300.SZ,2014-07-24,2237.015
399300.SZ,2014-07-25,2260.454
399300.SZ,2014-07-28,2323.897
399300.SZ,2014-07-29,2331.369
399300.SZ,2014-07-30,2322.011
399300.SZ,2014-07-31,2350.251
399300.SZ,2014-08-01,2329.402
399300.SZ,2014-08-04,2375.62
399300.SZ,2014-08-05,2369.353
399300.SZ,2014-08-06,2363.221
399300.SZ,2014-08-07,2327.457
399300.SZ,2014-08-08,2331.134
399300.SZ,2014-08-11,2365.349
399300.SZ,2014-08-12,2357.052
399300.SZ,2014-08-13,2358.901
399300.SZ,2014-08-14,2335.945
399300.SZ,2014-08-15,2360.635
399300.SZ,2014-08-18,2374.562
399300.SZ,2014-08-19,2374.768
399300.SZ,2014-08-20,2366.14
399300.SZ,2014-08-21,2354.244
399300.SZ,2014-08-22,2365.364
399300.SZ,2014-08-25,2342.863
399300.SZ,2014-08-26,2324.092
399300.SZ,2014-08-27,2327.595
399300.SZ,2014-08-28,2311.278
399300.SZ,2014-08-29,2338.287
399300.SZ,2014-09-01,2355.317
399300.SZ,2014-09-02,2386.46
399300.SZ,2014-09-03,2408.838
399300.SZ,2014-09-04,2426.224
399300.SZ,2014-09-05,2449.259
399300.SZ,2014-09-09,2445.224
399300.SZ,2014-09-10,2432.433
399300.SZ,2014-09-11,2423.454
399300.SZ,2014-09-12,2438.358
399300.SZ,2014-09-15,2437.189
399300.SZ,2014-09-16,2388.765
399300.SZ,2014-09-17,2401.326
399300.SZ,2014-09-18,2408.664
399300.SZ,2014-09-19,2425.211
399300.SZ,2014-09-22,2378.92
399300.SZ,2014-09-23,2399.462
399300.SZ,2014-09-24,2441.864
399300.SZ,2014-09-25,2436.965
399300.SZ,2014-09-26,2437.201
399300.SZ,2014-09-29,2447.799
399300.SZ,2014-09-30,2450.988
399300.SZ,2014-10-08,2478.383
399300.SZ,2014-10-09,2481.955
399300.SZ,2014-10-10,2466.789
399300.SZ,2014-10-13,2454.946
399300.SZ,2014-10-14,2446.562
399300.SZ,2014-10-15,2463.874
399300.SZ,2014-10-16,2444.395
399300.SZ,2014-10-17,2441.732
399300.SZ,2014-10-20,2454.711
399300.SZ,2014-10-21,2433.391
399300.SZ,2014-10-22,2418.641
399300.SZ,2014-10-23,2395.936
399300.SZ,2014-10-24,2390.706
399300.SZ,2014-10-27,2368.832
399300.SZ,2014-10-28,2416.653
399300.SZ,2014-10-29,2451.384
399300.SZ,2014-10-30,2468.925
399300.SZ,2014-10-31,2508.325
399300.SZ,2014-11-03,2512.548
399300.SZ,2014-11-04,2513.172
399300.SZ,2014-11-05,2503.448
399300.SZ,2014-11-06,2506.067
399300.SZ,2014-11-07,2502.153
399300.SZ,2014-11-10,2565.73
399300.SZ,2014-11-11,2558.612
399300.SZ,2014-11-12,2594.318
399300.SZ,2014-11-13,2579.75
399300.SZ,2014-11-14,2581.093
399300.SZ,2014-11-17,2567.101
399300.SZ,2014-11-18,2541.416
399300.SZ,2014-11-19,2537.223
399300.SZ,2014-11-20,2537.099
399300.SZ,2014-11-21,2583.455
399300.SZ,2014-11-24,2649.258
399300.SZ,2014-11-25,2685.561
399300.SZ,2014-11-26,2723.018
399300.SZ,2014-11-27,2754.49
399300.SZ,2014-11-28,2808.819
399300.SZ,2014-12-01,2819.812
399300.SZ,2014-12-02,2923.94
399300.SZ,2014-12-03,2967.549
399300.SZ,2014-12-04,3104.351
399300.SZ,2014-12-05,3124.885
399300.SZ,2014-12-08,3252.881
399300.SZ,2014-12-09,3106.913
399300.SZ,2014-12-10,3221.546
399300.SZ,2014-12-11,3183.012
399300.SZ,2014-12-12,3193.227
399300.SZ,2014-12-15,3217.228
399300.SZ,2014-12-16,3303.402
399300.SZ,2014-12-17,3360.598
399300.SZ,2014-12-18,3345.927
399300.SZ,2014-12-19,3383.167
399300.SZ,2014-12-22,3394.481
399300.SZ,2014-12-23,3324.924
399300.SZ,2014-12-24,3230.385
399300.SZ,2014-12-25,3335.419
399300.SZ,2014-12-26,3445.839
399300.SZ,2014-12-29,3455.455
399300.SZ,2014-12-30,3457.554
399300.SZ,2014-12-31,3533.705
399300.SZ,2015-01-05,3641.541
399300.SZ,2015-01-06,3641.059
399300.SZ,2015-01-07,3643.79
399300.SZ,2015-01-08,3559.259
399300.SZ,2015-01-09,3546.723
399300.SZ,2015-01-12,3513.576
399300.SZ,2015-01-13,3514.04
399300.SZ,2015-01-14,3502.423
399300.SZ,2015-01-15,3604.121
399300.SZ,2015-01-16,3635.146
399300.SZ,2015-01-19,3355.155
399300.SZ,2015-01-20,3396.222
399300.SZ,2015-01-21,3548.885
399300.SZ,2015-01-22,3567.613
399300.SZ,2015-01-23,3571.732
399300.SZ,2015-01-26,3607.985
399300.SZ,2015-01-27,3574.931
399300.SZ,2015-01-28,3525.323
399300.SZ,2015-01-29,3481.798
399300.SZ,2015-01-30,3434.39
399300.SZ,2015-02-02,3353.96
399300.SZ,2015-02-03,3437.445
399300.SZ,2015-02-04,3401.768
399300.SZ,2015-02-05,3366.946
399300.SZ,2015-02-06,3312.42
399300.SZ,2015-02-09,3345.921
399300.SZ,2015-02-10,3406.943
399300.SZ,2015-02-11,3434.124
399300.SZ,2015-02-12,3442.874
399300.SZ,2015-02-13,3469.828
399300.SZ,2015-02-16,3499.483
399300.SZ,2015-02-17,3522.322
399300.SZ,2015-02-25,3478.729
399300.SZ,2015-02-26,3566.295
399300.SZ,2015-02-27,3572.843
399300.SZ,2015-03-02,3601.265
399300.SZ,2015-03-03,3507.9
399300.SZ,2015-03-04,3530.822
399300.SZ,2015-03-05,3496.344
399300.SZ,2015-03-06,3478.52
399300.SZ,2015-03-09,3537.75
399300.SZ,2015-03-10,3520.611
399300.SZ,2015-03-11,3524.653
399300.SZ,2015-03-12,3592.844
399300.SZ,2015-03-13,3617.657
399300.SZ,2015-03-16,3705.671
399300.SZ,2015-03-17,3757.122
399300.SZ,2015-03-18,3846.055
399300.SZ,2015-03-19,3839.739
399300.SZ,2015-03-20,3892.574
399300.SZ,2015-03-23,3972.061
399300.SZ,2015-03-24,3973.046
399300.SZ,2015-03-25,3940.412
399300.SZ,2015-03-26,3949.999
399300.SZ,2015-03-27,3971.697
399300.SZ,2015-03-30,4088.178
399300.SZ,2015-03-31,4051.204
399300.SZ,2015-04-01,4123.895
399300.SZ,2015-04-02,4124.776
399300.SZ,2015-04-03,4170.538
399300.SZ,2015-04-07,4260.044
399300.SZ,2015-04-08,4295.803
399300.SZ,2015-04-09,4262.138
399300.SZ,2015-04-10,4344.416
399300.SZ,2015-04-13,4421.073
399300.SZ,2015-04-14,4438.184
399300.SZ,2015-04-15,4380.513
399300.SZ,2015-04-16,4513.546
399300.SZ,2015-04-17,4596.136
399300.SZ,2015-04-20,4521.919
399300.SZ,2015-04-21,4619.164
399300.SZ,2015-04-22,4739.814
399300.SZ,2015-04-23,4740.892
399300.SZ,2015-04-24,4702.641
399300.SZ,2015-04-27,4807.592
399300.SZ,2015-04-28,4741.861
399300.SZ,2015-04-29,4774.326
399300.SZ,2015-04-30,4749.886
399300.SZ,2015-05-04,4787.741
399300.SZ,2015-05-05,4596.837
399300.SZ,2015-05-06,4553.327
399300.SZ,2015-05-07,4470.089
399300.SZ,2015-05-08,4558.404
399300.SZ,2015-05-11,4690.532
399300.SZ,2015-05-12,4747.421
399300.SZ,2015-05-13,4718.436
399300.SZ,2015-05-14,4700.778
399300.SZ,2015-05-15,4617.47
399300.SZ,2015-05-18,4575.14
399300.SZ,2015-05-19,4731.222
399300.SZ,2015-05-20,4754.919
399300.SZ,2015-05-21,4840.976
399300.SZ,2015-05-22,4951.335
399300.SZ,2015-05-25,5099.495
399300.SZ,2015-05-26,5198.918
399300.SZ,2015-05-27,5181.434
399300.SZ,2015-05-28,4834.007
399300.SZ,2015-05-29,4840.829
399300.SZ,2015-06-01,5076.179
399300.SZ,2015-06-02,5161.87
399300.SZ,2015-06-03,5143.59
399300.SZ,2015-06-04,5181.416
399300.SZ,2015-06-05,5230.552
399300.SZ,2015-06-08,5353.751
399300.SZ,2015-06-09,5317.461
399300.SZ,2015-06-10,5309.112
399300.SZ,2015-06-11,5306.59
399300.SZ,2015-06-12,5335.115
399300.SZ,2015-06-15,5221.167
399300.SZ,2015-06-16,5064.821
399300.SZ,2015-06-17,5138.831
399300.SZ,2015-06-18,4930.549
399300.SZ,2015-06-19,4637.052
399300.SZ,2015-06-23,4786.091
399300.SZ,2015-06-24,4880.126
399300.SZ,2015-06-25,4706.516
399300.SZ,2015-06-26,4336.195
399300.SZ,2015-06-29,4191.549
399300.SZ,2015-06-30,4472.998
399300.SZ,2015-07-01,4253.021
399300.SZ,2015-07-02,4107.996
399300.SZ,2015-07-03,3885.917
399300.SZ,2015-07-06,3998.537
399300.SZ,2015-07-07,3928.003
399300.SZ,2015-07-08,3663.038
399300.SZ,2015-07-09,3897.626
399300.SZ,2015-07-10,4106.556
399300.SZ,2015-07-13,4211.812
399300.SZ,2015-07-14,4112.149
399300.SZ,2015-07-15,3966.759
399300.SZ,2015-07-16,3997.356
399300.SZ,2015-07-17,4151.496
399300.SZ,2015-07-20,4160.612
399300.SZ,2015-07-21,4166.006
399300.SZ,2015-07-22,4157.16
399300.SZ,2015-07-23,4250.805
399300.SZ,2015-07-24,4176.279
399300.SZ,2015-07-27,3818.731
399300.SZ,2015-07-28,3811.093
399300.SZ,2015-07-29,3930.379
399300.SZ,2015-07-30,3815.412
399300.SZ,2015-07-31,3816.699
399300.SZ,2015-08-03,3829.235
399300.SZ,2015-08-04,3948.155
399300.SZ,2015-08-05,3866.9
399300.SZ,2015-08-06,3831.852
399300.SZ,2015-08-07,3906.945
399300.SZ,2015-08-10,4084.365
399300.SZ,2015-08-11,4066.669
399300.SZ,2015-08-12,4016.126
399300.SZ,2015-08-13,4075.463
399300.SZ,2015-08-14,4073.54
399300.SZ,2015-08-17,4077.872
399300.SZ,2015-08-18,3825.412
399300.SZ,2015-08-19,3886.136
399300.SZ,2015-08-20,3761.454
399300.SZ,2015-08-21,3589.536
399300.SZ,2015-08-24,3275.534
399300.SZ,2015-08-25,3042.927
399300.SZ,2015-08-26,3025.692
399300.SZ,2015-08-27,3205.638
399300.SZ,2015-08-28,3342.286
399300.SZ,2015-08-31,3366.536
399300.SZ,2015-09-01,3362.083
399300.SZ,2015-09-02,3365.832
399300.SZ,2015-09-07,3250.485
399300.SZ,2015-09-08,3334.023
399300.SZ,2015-09-09,3399.305
399300.SZ,2015-09-10,3357.561
399300.SZ,2015-09-11,3347.188
399300.SZ,2015-09-14,3281.132
399300.SZ,2015-09-15,3152.232
399300.SZ,2015-09-16,3309.248
399300.SZ,2015-09-17,3236.999
399300.SZ,2015-09-18,3251.273
399300.SZ,2015-09-21,3308.247
399300.SZ,2015-09-22,3339.03
399300.SZ,2015-09-23,3263.028
399300.SZ,2015-09-24,3284.999
399300.SZ,2015-09-25,3231.951
399300.SZ,2015-09-28,3242.752
399300.SZ,2015-09-29,3178.854
399300.SZ,2015-09-30,3202.948
399300.SZ,2015-10-08,3296.482
399300.SZ,2015-10-09,3340.116
399300.SZ,2015-10-12,3447.693
399300.SZ,2015-10-13,3445.043
399300.SZ,2015-10-14,3406.112
399300.SZ,2015-10-15,3486.815
399300.SZ,2015-10-16,3534.065
399300.SZ,2015-10-19,3534.182
399300.SZ,2015-10-20,3577.703
399300.SZ,2015-10-21,3473.254
399300.SZ,2015-10-22,3524.534
399300.SZ,2015-10-23,3571.241
399300.SZ,2015-10-26,3589.261
399300.SZ,2015-10-27,3592.879
399300.SZ,2015-10-28,3524.92
399300.SZ,2015-10-29,3533.307
399300.SZ,2015-10-30,3534.079
399300.SZ,2015-11-02,3475.962
399300.SZ,2015-11-03,3465.493
399300.SZ,2015-11-04,3628.538
399300.SZ,2015-11-05,3705.97
399300.SZ,2015-11-06,3793.374
399300.SZ,2015-11-09,3840.355
399300.SZ,2015-11-10,3833.238
399300.SZ,2015-11-11,3833.646
399300.SZ,2015-11-12,3795.324
399300.SZ,2015-11-13,3746.242
399300.SZ,2015-11-16,3764.126
399300.SZ,2015-11-17,3758.387
399300.SZ,2015-11-18,3715.58
399300.SZ,2015-11-19,3774.969
399300.SZ,2015-11-20,3774.383
399300.SZ,2015-11-23,3753.335
399300.SZ,2015-11-24,3753.889
399300.SZ,2015-11-25,3781.607
399300.SZ,2015-11-26,3759.429
399300.SZ,2015-11-27,3556.992
399300.SZ,2015-11-30,3566.412
399300.SZ,2015-12-01,3591.696
399300.SZ,2015-12-02,3721.955
399300.SZ,2015-12-03,3749.299
399300.SZ,2015-12-04,3677.592
399300.SZ,2015-12-07,3687.607
399300.SZ,2015-12-08,3623.02
399300.SZ,2015-12-09,3635.938
399300.SZ,2015-12-10,3623.084
399300.SZ,2015-12-11,3608.059
399300.SZ,2015-12-14,3711.322
399300.SZ,2015-12-15,3694.389
399300.SZ,2015-12-16,3685.44
399300.SZ,2015-12-17,3755.888
399300.SZ,2015-12-18,3767.913
399300.SZ,2015-12-21,3865.965
399300.SZ,2015-12-22,3876.733
399300.SZ,2015-12-23,3866.381
399300.SZ,2015-12-24,3829.402
399300.SZ,2015-12-25,3838.201
399300.SZ,2015-12-28,3727.632
399300.SZ,2015-12-29,3761.875
399300.SZ,2015-12-30,3765.175
399300.SZ,2015-12-31,3731.005
399300.SZ,2016-01-04,3469.066
399300.SZ,2016-01-05,3478.78
399300.SZ,2016-01-06,3539.808
399300.SZ,2016-01-07,3294.3839
399300.SZ,2016-01-08,3361.563
399300.SZ,2016-01-11,3192.45
399300.SZ,2016-01-12,3215.71
399300.SZ,2016-01-13,3155.879
399300.SZ,2016-01-14,3221.571
399300.SZ,2016-01-15,3118.73
399300.SZ,2016-01-18,3130.729
399300.SZ,2016-01-19,3223.125
399300.SZ,2016-01-20,3174.378
399300.SZ,2016-01-21,3081.345
399300.SZ,2016-01-22,3113.463
399300.SZ,2016-01-25,3128.886
399300.SZ,2016-01-26,2940.509
399300.SZ,2016-01-27,2930.352
399300.SZ,2016-01-28,2853.756
399300.SZ,2016-01-29,2946.09
399300.SZ,2016-02-01,2901.048
399300.SZ,2016-02-02,2961.334
399300.SZ,2016-02-03,2948.639
399300.SZ,2016-02-04,2984.76
399300.SZ,2016-02-05,2963.789
399300.SZ,2016-02-15,2946.707
399300.SZ,2016-02-16,3037.035
399300.SZ,2016-02-17,3063.32
399300.SZ,2016-02-18,3053.699
399300.SZ,2016-02-19,3051.585
399300.SZ,2016-02-22,3118.868
399300.SZ,2016-02-23,3089.363
399300.SZ,2016-02-24,3109.545
399300.SZ,2016-02-25,2918.75
399300.SZ,2016-02-26,2948.031
399300.SZ,2016-02-29,2877.467
399300.SZ,2016-03-01,2930.694
399300.SZ,2016-03-02,3051.333
399300.SZ,2016-03-03,3058.422
399300.SZ,2016-03-04,3093.89
399300.SZ,2016-03-07,3104.84
399300.SZ,2016-03-08,3107.673
399300.SZ,2016-03-09,3071.907
399300.SZ,2016-03-10,3013.146
399300.SZ,2016-03-11,3018.284
399300.SZ,2016-03-14,3065.69
399300.SZ,2016-03-15,3074.78
399300.SZ,2016-03-16,3090.033
399300.SZ,2016-03-17,3124.204
399300.SZ,2016-03-18,3171.963
399300.SZ,2016-03-21,3249.437
399300.SZ,2016-03-22,3225.79
399300.SZ,2016-03-23,3236.092
399300.SZ,2016-03-24,3181.851
399300.SZ,2016-03-25,3197.817
399300.SZ,2016-03-28,3169.728
399300.SZ,2016-03-29,3135.41
399300.SZ,2016-03-30,3216.275
399300.SZ,2016-03-31,3218.088
399300.SZ,2016-04-01,3221.895
399300.SZ,2016-04-05,3264.486
399300.SZ,2016-04-06,3257.528
399300.SZ,2016-04-07,3209.29
399300.SZ,2016-04-08,3185.726
399300.SZ,2016-04-11,3230.096
399300.SZ,2016-04-12,3218.45
399300.SZ,2016-04-13,3261.383
399300.SZ,2016-04-14,3275.832
399300.SZ,2016-04-15,3272.205
399300.SZ,2016-04-18,3228.453
399300.SZ,2016-04-19,3238.303
399300.SZ,2016-04-20,3181.026
399300.SZ,2016-04-21,3160.603
399300.SZ,2016-04-22,3174.901
399300.SZ,2016-04-25,3162.033
399300.SZ,2016-04-26,3179.161
399300.SZ,2016-04-27,3165.916
399300.SZ,2016-04-28,3160.581
399300.SZ,2016-04-29,3156.745
399300.SZ,2016-05-03,3213.54
399300.SZ,2016-05-04,3209.461
399300.SZ,2016-05-05,3213.92
399300.SZ,2016-05-06,3130.354
399300.SZ,2016-05-09,3065.615
399300.SZ,2016-05-10,3069.112
399300.SZ,2016-05-11,3082.808
399300.SZ,2016-05-12,3090.137
399300.SZ,2016-05-13,3074.935
399300.SZ,2016-05-16,3095.308
399300.SZ,2016-05-17,3086.024
399300.SZ,2016-05-18,3068.035
399300.SZ,2016-05-19,3062.5
399300.SZ,2016-05-20,3078.218
399300.SZ,2016-05-23,3087.222
399300.SZ,2016-05-24,3063.5556
399300.SZ,2016-05-25,3059.2259
399300.SZ,2016-05-26,3064.211
399300.SZ,2016-05-27,3062.499
399300.SZ,2016-05-30,3066.709
399300.SZ,2016-05-31,3169.559
399300.SZ,2016-06-01,3160.547
399300.SZ,2016-06-02,3167.099
399300.SZ,2016-06-03,3189.325
399300.SZ,2016-06-06,3178.788
399300.SZ,2016-06-07,3177.053
399300.SZ,2016-06-08,3163.986
399300.SZ,2016-06-13,3066.341
399300.SZ,2016-06-14,3075.983
399300.SZ,2016-06-15,3116.368
399300.SZ,2016-06-16,3094.674
399300.SZ,2016-06-17,3110.357
399300.SZ,2016-06-20,3112.674
399300.SZ,2016-06-21,3106.317
399300.SZ,2016-06-22,3133.961
399300.SZ,2016-06-23,3117.316
399300.SZ,2016-06-24,3077.155
399300.SZ,2016-06-27,3120.544
399300.SZ,2016-06-28,3136.401
399300.SZ,2016-06-29,3151.389
399300.SZ,2016-06-30,3153.921
399300.SZ,2016-07-01,3154.2
399300.SZ,2016-07-04,3204.696
399300.SZ,2016-07-05,3207.382
399300.SZ,2016-07-06,3216.803
399300.SZ,2016-07-07,3209.954
399300.SZ,2016-07-08,3192.28
399300.SZ,2016-07-11,3203.329
399300.SZ,2016-07-12,3273.182
399300.SZ,2016-07-13,3282.868
399300.SZ,2016-07-14,3276.763
399300.SZ,2016-07-15,3276.277
399300.SZ,2016-07-18,3262.022
399300.SZ,2016-07-19,3248.234
399300.SZ,2016-07-20,3237.605
399300.SZ,2016-07-21,3252.522
399300.SZ,2016-07-22,3225.162
399300.SZ,2016-07-25,3230.885
399300.SZ,2016-07-26,3269.588
399300.SZ,2016-07-27,3218.243
399300.SZ,2016-07-28,3221.136
399300.SZ,2016-07-29,3203.93
399300.SZ,2016-08-01,3176.809
399300.SZ,2016-08-02,3189.052
399300.SZ,2016-08-03,3193.507
399300.SZ,2016-08-04,3201.288
399300.SZ,2016-08-05,3205.11
399300.SZ,2016-08-08,3234.183
399300.SZ,2016-08-09,3256.981
399300.SZ,2016-08-10,3243.34
399300.SZ,2016-08-11,3233.36
399300.SZ,2016-08-12,3294.233
399300.SZ,2016-08-15,3393.423
399300.SZ,2016-08-16,3378.245
399300.SZ,2016-08-17,3373.047
399300.SZ,2016-08-18,3364.485
399300.SZ,2016-08-19,3365.019
399300.SZ,2016-08-22,3336.794
399300.SZ,2016-08-23,3341.829
399300.SZ,2016-08-24,3329.863
399300.SZ,2016-08-25,3308.972
399300.SZ,2016-08-26,3307.09
399300.SZ,2016-08-29,3307.781
399300.SZ,2016-08-30,3311.987
399300.SZ,2016-08-31,3327.793
399300.SZ,2016-09-01,3301.576
399300.SZ,2016-09-02,3314.114
399300.SZ,2016-09-05,3319.68
399300.SZ,2016-09-06,3342.625
399300.SZ,2016-09-07,3340.817
399300.SZ,2016-09-08,3339.564
399300.SZ,2016-09-09,3318.044
399300.SZ,2016-09-12,3262.604
399300.SZ,2016-09-13,3260.333
399300.SZ,2016-09-14,3238.729
399300.SZ,2016-09-19,3263.124
399300.SZ,2016-09-20,3257.403
399300.SZ,2016-09-21,3266.636
399300.SZ,2016-09-22,3291.121
399300.SZ,2016-09-23,3275.666
399300.SZ,2016-09-26,3220.283
399300.SZ,2016-09-27,3240.754
399300.SZ,2016-09-28,3230.89
399300.SZ,2016-09-29,3244.387
399300.SZ,2016-09-30,3253.284
399300.SZ,2016-10-10,3293.868
399300.SZ,2016-10-11,3306.557
399300.SZ,2016-10-12,3300.009
399300.SZ,2016-10-13,3302.645
399300.SZ,2016-10-14,3305.848
399300.SZ,2016-10-17,3277.878
399300.SZ,2016-10-18,3321.332
399300.SZ,2016-10-19,3316.24
399300.SZ,2016-10-20,3318.604
399300.SZ,2016-10-21,3327.74
399300.SZ,2016-10-24,3367.577
399300.SZ,2016-10-25,3367.454
399300.SZ,2016-10-26,3354.8
399300.SZ,2016-10-27,3345.695
399300.SZ,2016-10-28,3340.126
399300.SZ,2016-10-31,3336.278
399300.SZ,2016-11-01,3359.052
399300.SZ,2016-11-02,3333.352
399300.SZ,2016-11-03,3365.085
399300.SZ,2016-11-04,3354.175
399300.SZ,2016-11-07,3356.592
399300.SZ,2016-11-08,3371.118
399300.SZ,2016-11-09,3353.055
399300.SZ,2016-11-10,3390.612
399300.SZ,2016-11-11,3417.221
399300.SZ,2016-11-14,3430.248
399300.SZ,2016-11-15,3429.87
399300.SZ,2016-11-16,3429.592
399300.SZ,2016-11-17,3436.535
399300.SZ,2016-11-18,3417.455
399300.SZ,2016-11-21,3441.111
399300.SZ,2016-11-22,3468.364
399300.SZ,2016-11-23,3474.729
399300.SZ,2016-11-24,3488.74
399300.SZ,2016-11-25,3521.298
399300.SZ,2016-11-28,3535.081
399300.SZ,2016-11-29,3564.04
399300.SZ,2016-11-30,3538.001
399300.SZ,2016-12-01,3565.036
399300.SZ,2016-12-02,3528.955
399300.SZ,2016-12-05,3469.407
399300.SZ,2016-12-06,3459.153
399300.SZ,2016-12-07,3475.747
399300.SZ,2016-12-08,3470.143
399300.SZ,2016-12-09,3493.7
399300.SZ,2016-12-12,3409.179
399300.SZ,2016-12-13,3405.036
399300.SZ,2016-12-14,3378.945
399300.SZ,2016-12-15,3340.434
399300.SZ,2016-12-16,3346.031
399300.SZ,2016-12-19,3328.9827
399300.SZ,2016-12-20,3309.0641
399300.SZ,2016-12-21,3338.536
399300.SZ,2016-12-22,3335.672
399300.SZ,2016-12-23,3307.5991
399300.SZ,2016-12-26,3322.4006
399300.SZ,2016-12-27,3316.3852
399300.SZ,2016-12-28,3301.8887
399300.SZ,2016-12-29,3297.7648
399300.SZ,2016-12-30,3310.0808
399300.SZ,2017-01-03,3342.2272
399300.SZ,2017-01-04,3368.3117
399300.SZ,2017-01-05,3367.7892
399300.SZ,2017-01-06,3347.6665
399300.SZ,2017-01-09,3363.9014
399300.SZ,2017-01-10,3358.2716
399300.SZ,2017-01-11,3334.4954
399300.SZ,2017-01-12,3317.6241
399300.SZ,2017-01-13,3319.9122
399300.SZ,2017-01-16,3319.4455
399300.SZ,2017-01-17,3326.3563
399300.SZ,2017-01-18,3339.3653
399300.SZ,2017-01-19,3329.2891
399300.SZ,2017-01-20,3354.8891
399300.SZ,2017-01-23,3364.0808
399300.SZ,2017-01-24,3364.4509
399300.SZ,2017-01-25,3375.9042
399300.SZ,2017-01-26,3387.9606
399300.SZ,2017-02-03,3364.4923
399300.SZ,2017-02-06,3373.2051
399300.SZ,2017-02-07,3365.6849
399300.SZ,2017-02-08,3383.2878
399300.SZ,2017-02-09,3396.2924
399300.SZ,2017-02-10,3413.4868
399300.SZ,2017-02-13,3436.275
399300.SZ,2017-02-14,3435.8042
399300.SZ,2017-02-15,3421.7131
399300.SZ,2017-02-16,3440.9331
399300.SZ,2017-02-17,3421.4419
399300.SZ,2017-02-20,3471.3926
399300.SZ,2017-02-21,3482.823
399300.SZ,2017-02-22,3489.7567
399300.SZ,2017-02-23,3473.3236
399300.SZ,2017-02-24,3473.8517
399300.SZ,2017-02-27,3446.2228
399300.SZ,2017-02-28,3452.8103
399300.SZ,2017-03-01,3458.4376
399300.SZ,2017-03-02,3435.0963
399300.SZ,2017-03-03,3427.8628
399300.SZ,2017-03-06,3446.484
399300.SZ,2017-03-07,3453.9565
399300.SZ,2017-03-08,3448.7313
399300.SZ,2017-03-09,3426.9438
399300.SZ,2017-03-10,3427.8916
399300.SZ,2017-03-13,3458.098
399300.SZ,2017-03-14,3456.6934
399300.SZ,2017-03-15,3463.6436
399300.SZ,2017-03-16,3481.5066
399300.SZ,2017-03-17,3445.8051
399300.SZ,2017-03-20,3449.6126
399300.SZ,2017-03-21,3466.3468
399300.SZ,2017-03-22,3450.0502
399300.SZ,2017-03-23,3461.9782
399300.SZ,2017-03-24,3489.5997
399300.SZ,2017-03-27,3478.0385
399300.SZ,2017-03-28,3469.8093
399300.SZ,2017-03-29,3465.1933
399300.SZ,2017-03-30,3436.758
399300.SZ,2017-03-31,3456.0455
399300.SZ,2017-04-05,3503.8932
399300.SZ,2017-04-06,3514.0469
399300.SZ,2017-04-07,3517.4634
399300.SZ,2017-04-10,3505.1392
399300.SZ,2017-04-11,3517.328
399300.SZ,2017-04-12,3509.4387
399300.SZ,2017-04-13,3514.5662
399300.SZ,2017-04-14,3486.5045
399300.SZ,2017-04-17,3479.9417
399300.SZ,2017-04-18,3462.7429
399300.SZ,2017-04-19,3445.8761
399300.SZ,2017-04-20,3461.5481
399300.SZ,2017-04-21,3466.7865
399300.SZ,2017-04-24,3431.2587
399300.SZ,2017-04-25,3440.9743
399300.SZ,2017-04-26,3445.1832
399300.SZ,2017-04-27,3446.7202
399300.SZ,2017-04-28,3439.753
399300.SZ,2017-05-02,3426.5766
399300.SZ,2017-05-03,3413.1282
399300.SZ,2017-05-04,3404.3864
399300.SZ,2017-05-05,3382.5502
399300.SZ,2017-05-08,3358.8125
399300.SZ,2017-05-09,3352.5324
399300.SZ,2017-05-10,3337.7007
399300.SZ,2017-05-11,3356.6459
399300.SZ,2017-05-12,3385.3787
399300.SZ,2017-05-15,3399.1937
399300.SZ,2017-05-16,3428.6491
399300.SZ,2017-05-17,3409.9656
399300.SZ,2017-05-18,3398.1127
399300.SZ,2017-05-19,3403.8492
399300.SZ,2017-05-22,3411.2387
399300.SZ,2017-05-23,3424.194
399300.SZ,2017-05-24,3424.1669
399300.SZ,2017-05-25,3485.6581
399300.SZ,2017-05-26,3480.4345
399300.SZ,2017-05-31,3492.8845
399300.SZ,2017-06-01,3497.7382
399300.SZ,2017-06-02,3486.5074
399300.SZ,2017-06-05,3468.7538
399300.SZ,2017-06-06,3492.8816
399300.SZ,2017-06-07,3533.8718
399300.SZ,2017-06-08,3560.9786
399300.SZ,2017-06-09,3576.1703
399300.SZ,2017-06-12,3574.3894
399300.SZ,2017-06-13,3582.2674
399300.SZ,2017-06-14,3535.2987
399300.SZ,2017-06-15,3528.7926
399300.SZ,2017-06-16,3518.7611
399300.SZ,2017-06-19,3553.6653
399300.SZ,2017-06-20,3546.494
399300.SZ,2017-06-21,3587.955
399300.SZ,2017-06-22,3590.3425
399300.SZ,2017-06-23,3622.8831
399300.SZ,2017-06-26,3668.0919
399300.SZ,2017-06-27,3674.7152
399300.SZ,2017-06-28,3646.1666
399300.SZ,2017-06-29,3668.8279
399300.SZ,2017-06-30,3666.7977
399300.SZ,2017-07-03,3650.8463
399300.SZ,2017-07-04,3619.9841
399300.SZ,2017-07-05,3659.6795
399300.SZ,2017-07-06,3660.0967
399300.SZ,2017-07-07,3655.9293
399300.SZ,2017-07-10,3653.6868
399300.SZ,2017-07-11,3670.8086
399300.SZ,2017-07-12,3658.8236
399300.SZ,2017-07-13,3686.9205
399300.SZ,2017-07-14,3703.094
399300.SZ,2017-07-17,3663.5575
399300.SZ,2017-07-18,3667.1807
399300.SZ,2017-07-19,3729.7466
399300.SZ,2017-07-20,3747.8843
399300.SZ,2017-07-21,3728.5976
399300.SZ,2017-07-24,3743.4686
399300.SZ,2017-07-25,3719.559
399300.SZ,2017-07-26,3705.3884
399300.SZ,2017-07-27,3712.1947
399300.SZ,2017-07-28,3721.8914
399300.SZ,2017-07-31,3737.8732
399300.SZ,2017-08-01,3770.3828
399300.SZ,2017-08-02,3760.8525
399300.SZ,2017-08-03,3727.8264
399300.SZ,2017-08-04,3707.5796
399300.SZ,2017-08-07,3726.7948
399300.SZ,2017-08-08,3732.2129
399300.SZ,2017-08-09,3731.044
399300.SZ,2017-08-10,3715.9208
399300.SZ,2017-08-11,3647.3503
399300.SZ,2017-08-14,3694.6831
399300.SZ,2017-08-15,3706.0566
399300.SZ,2017-08-16,3701.4207
399300.SZ,2017-08-17,3721.277
399300.SZ,2017-08-18,3724.6748
399300.SZ,2017-08-21,3740.9941
399300.SZ,2017-08-22,3752.298
399300.SZ,2017-08-23,3756.0884
399300.SZ,2017-08-24,3734.6458
399300.SZ,2017-08-25,3795.7544
399300.SZ,2017-08-28,3842.7119
399300.SZ,2017-08-29,3834.5376
399300.SZ,2017-08-30,3834.3005
399300.SZ,2017-08-31,3822.0928
399300.SZ,2017-09-01,3830.5383
399300.SZ,2017-09-04,3845.6163
399300.SZ,2017-09-05,3857.0464
399300.SZ,2017-09-06,3849.4499
399300.SZ,2017-09-07,3829.8713
399300.SZ,2017-09-08,3825.9895
399300.SZ,2017-09-11,3825.6453
399300.SZ,2017-09-12,3837.9341
399300.SZ,2017-09-13,3842.6061
399300.SZ,2017-09-14,3829.9554
399300.SZ,2017-09-15,3831.2965
399300.SZ,2017-09-18,3843.1428
399300.SZ,2017-09-19,3832.1161
399300.SZ,2017-09-20,3842.4353
399300.SZ,2017-09-21,3837.8176
399300.SZ,2017-09-22,3837.7304
399300.SZ,2017-09-25,3817.7915
399300.SZ,2017-09-26,3820.7816
399300.SZ,2017-09-27,3821.2
399300.SZ,2017-09-28,3822.5386
399300.SZ,2017-09-29,3836.5013
399300.SZ,2017-10-09,3882.2076
399300.SZ,2017-10-10,3889.8637
399300.SZ,2017-10-11,3902.6868
399300.SZ,2017-10-12,3912.9536
399300.SZ,2017-10-13,3921.0017
399300.SZ,2017-10-16,3913.4462
399300.SZ,2017-10-17,3913.0688
399300.SZ,2017-10-18,3944.1626
399300.SZ,2017-10-19,3931.2495
399300.SZ,2017-10-20,3926.852
399300.SZ,2017-10-23,3930.7981
399300.SZ,2017-10-24,3959.3953
399300.SZ,2017-10-25,3976.949
399300.SZ,2017-10-26,3993.5752
399300.SZ,2017-10-27,4021.9676
399300.SZ,2017-10-30,4009.7218
399300.SZ,2017-10-31,4006.7179
399300.SZ,2017-11-01,3996.6221
399300.SZ,2017-11-02,3997.1343
399300.SZ,2017-11-03,3992.6979
399300.SZ,2017-11-06,4020.8896
399300.SZ,2017-11-07,4054.2465
399300.SZ,2017-11-08,4048.0057
399300.SZ,2017-11-09,4075.8998
399300.SZ,2017-11-10,4111.9112
399300.SZ,2017-11-13,4128.0733
399300.SZ,2017-11-14,4099.351
399300.SZ,2017-11-15,4073.6696
399300.SZ,2017-11-16,4105.0122
399300.SZ,2017-11-17,4120.8508
399300.SZ,2017-11-20,4143.8334
399300.SZ,2017-11-21,4217.7015
399300.SZ,2017-11-22,4227.5666
399300.SZ,2017-11-23,4102.3966
399300.SZ,2017-11-24,4104.2034
399300.SZ,2017-11-27,4049.9475
399300.SZ,2017-11-28,4055.8235
399300.SZ,2017-11-29,4053.7529
399300.SZ,2017-11-30,4006.0993
399300.SZ,2017-12-01,3998.1365
399300.SZ,2017-12-04,4018.8571
399300.SZ,2017-12-05,4040.1704
399300.SZ,2017-12-06,4015.8211
399300.SZ,2017-12-07,3971.0569
399300.SZ,2017-12-08,4003.3792
399300.SZ,2017-12-11,4069.4997
399300.SZ,2017-12-12,4016.0163
399300.SZ,2017-12-13,4050.0927
399300.SZ,2017-12-14,4026.1516
399300.SZ,2017-12-15,3980.8558
399300.SZ,2017-12-18,3985.2914
399300.SZ,2017-12-19,4035.3294
399300.SZ,2017-12-20,4030.4898
399300.SZ,2017-12-21,4067.8485
399300.SZ,2017-12-22,4054.5984
399300.SZ,2017-12-25,4041.5401
399300.SZ,2017-12-26,4053.6224
399300.SZ,2017-12-27,3991.2075
399300.SZ,2017-12-28,4018.8974
399300.SZ,2017-12-29,4030.8549
399300.SZ,2018-01-02,4087.4012
399300.SZ,2018-01-03,4111.3925
399300.SZ,2018-01-04,4128.8119
399300.SZ,2018-01-05,4138.7505
399300.SZ,2018-01-08,4160.1595
399300.SZ,2018-01-09,4189.2977
399300.SZ,2018-01-10,4207.8132
399300.SZ,2018-01-11,4205.5863
399300.SZ,2018-01-12,4225.001
399300.SZ,2018-01-15,4225.2393
399300.SZ,2018-01-16,4258.473
399300.SZ,2018-01-17,4248.1164
399300.SZ,2018-01-18,4271.4168
399300.SZ,2018-01-19,4285.395
399300.SZ,2018-01-22,4336.5974
399300.SZ,2018-01-23,4382.6129
399300.SZ,2018-01-24,4389.8853
399300.SZ,2018-01-25,4365.0794
399300.SZ,2018-01-26,4381.2996
399300.SZ,2018-01-29,4302.0181
399300.SZ,2018-01-30,4256.1021
399300.SZ,2018-01-31,4275.8986
399300.SZ,2018-02-01,4245.8978
399300.SZ,2018-02-02,4271.2326
399300.SZ,2018-02-05,4274.1464
399300.SZ,2018-02-06,4148.8856
399300.SZ,2018-02-07,4050.4972
399300.SZ,2018-02-08,4012.0472
399300.SZ,2018-02-09,3840.6527
399300.SZ,2018-02-12,3890.1046
399300.SZ,2018-02-13,3935.6324
399300.SZ,2018-02-14,3966.9614
399300.SZ,2018-02-22,4052.7332
399300.SZ,2018-02-23,4071.0889
399300.SZ,2018-02-26,4118.4186
399300.SZ,2018-02-27,4058.9806
399300.SZ,2018-02-28,4023.6415
399300.SZ,2018-03-01,4049.0863
399300.SZ,2018-03-02,4016.461
399300.SZ,2018-03-05,4018.097
399300.SZ,2018-03-06,4066.5647
399300.SZ,2018-03-07,4036.6536
399300.SZ,2018-03-08,4077.6001
399300.SZ,2018-03-09,4108.8652
399300.SZ,2018-03-12,4127.6662
399300.SZ,2018-03-13,4091.2533
399300.SZ,2018-03-14,4073.3447
399300.SZ,2018-03-15,4096.1627
399300.SZ,2018-03-16,4056.4226
399300.SZ,2018-03-19,4074.2479
399300.SZ,2018-03-20,4077.7041
399300.SZ,2018-03-21,4061.0502
399300.SZ,2018-03-22,4020.349
399300.SZ,2018-03-23,3904.9355
399300.SZ,2018-03-26,3879.893
399300.SZ,2018-03-27,3913.2689
399300.SZ,2018-03-28,3842.7155
399300.SZ,2018-03-29,3894.0498
399300.SZ,2018-03-30,3898.4977
399300.SZ,2018-04-02,3886.9189
399300.SZ,2018-04-03,3862.4796
399300.SZ,2018-04-04,3854.8625
399300.SZ,2018-04-09,3852.9292
399300.SZ,2018-04-10,3927.1729
399300.SZ,2018-04-11,3938.3434
399300.SZ,2018-04-12,3898.6354
399300.SZ,2018-04-13,3871.1443
399300.SZ,2018-04-16,3808.863
399300.SZ,2018-04-17,3748.6412
399300.SZ,2018-04-18,3766.282
399300.SZ,2018-04-19,3811.843
399300.SZ,2018-04-20,3760.8543
399300.SZ,2018-04-23,3766.3257
399300.SZ,2018-04-24,3843.4886
399300.SZ,2018-04-25,3828.7015
399300.SZ,2018-04-26,3755.4941
399300.SZ,2018-04-27,3756.8765
399300.SZ,2018-05-02,3763.6461
399300.SZ,2018-05-03,3793.0001
399300.SZ,2018-05-04,3774.5981
399300.SZ,2018-05-07,3834.1877
399300.SZ,2018-05-08,3878.6767
399300.SZ,2018-05-09,3871.6152
399300.SZ,2018-05-10,3893.0565
399300.SZ,2018-05-11,3872.8383
399300.SZ,2018-05-14,3909.2933
399300.SZ,2018-05-15,3924.0975
399300.SZ,2018-05-16,3892.8442
399300.SZ,2018-05-17,3864.0507
399300.SZ,2018-05-18,3903.0637
399300.SZ,2018-05-21,3921.2421
399300.SZ,2018-05-22,3906.2081
399300.SZ,2018-05-23,3854.5825
399300.SZ,2018-05-24,3827.217
399300.SZ,2018-05-25,3816.498
399300.SZ,2018-05-28,3833.2599
399300.SZ,2018-05-29,3804.0093
399300.SZ,2018-05-30,3723.3724
399300.SZ,2018-05-31,3802.3759
399300.SZ,2018-06-01,3770.5891
399300.SZ,2018-06-04,3807.5781
399300.SZ,2018-06-05,3845.3164
399300.SZ,2018-06-06,3837.3511
399300.SZ,2018-06-07,3831.0128
399300.SZ,2018-06-08,3779.6159
399300.SZ,2018-06-11,3779.9818
399300.SZ,2018-06-12,3825.9534
399300.SZ,2018-06-13,3788.3391
399300.SZ,2018-06-14,3773.3655
399300.SZ,2018-06-15,3753.4338
399300.SZ,2018-06-19,3621.1166
399300.SZ,2018-06-20,3635.4436
399300.SZ,2018-06-21,3592.965
399300.SZ,2018-06-22,3608.9046
399300.SZ,2018-06-25,3560.4777
399300.SZ,2018-06-26,3531.1112
399300.SZ,2018-06-27,3459.2621
399300.SZ,2018-06-28,3423.5255
399300.SZ,2018-06-29,3510.9845
399300.SZ,2018-07-02,3407.9638
399300.SZ,2018-07-03,3409.2801
399300.SZ,2018-07-04,3363.7473
399300.SZ,2018-07-05,3342.4379
399300.SZ,2018-07-06,3365.1227
399300.SZ,2018-07-09,3459.1837
399300.SZ,2018-07-10,3467.5155
399300.SZ,2018-07-11,3407.5297
399300.SZ,2018-07-12,3481.0559
399300.SZ,2018-07-13,3492.6897
399300.SZ,2018-07-16,3472.0859
399300.SZ,2018-07-17,3449.3773
399300.SZ,2018-07-18,3431.3227
399300.SZ,2018-07-19,3428.343
399300.SZ,2018-07-20,3492.8938
399300.SZ,2018-07-23,3525.7503
399300.SZ,2018-07-24,3581.7057
399300.SZ,2018-07-25,3577.7522
399300.SZ,2018-07-26,3536.2456
399300.SZ,2018-07-27,3521.2269
399300.SZ,2018-07-30,3515.0794
399300.SZ,2018-07-31,3517.6568
399300.SZ,2018-08-01,3447.3882
399300.SZ,2018-08-02,3370.9579
399300.SZ,2018-08-03,3315.2839
399300.SZ,2018-08-06,3273.2728
399300.SZ,2018-08-07,3368.8695
399300.SZ,2018-08-08,3314.5075
399300.SZ,2018-08-09,3397.5298
399300.SZ,2018-08-10,3405.0191
399300.SZ,2018-08-13,3390.3441
399300.SZ,2018-08-14,3372.9137
399300.SZ,2018-08-15,3291.976
399300.SZ,2018-08-16,3276.7276
399300.SZ,2018-08-17,3229.6198
399300.SZ,2018-08-20,3267.2498
399300.SZ,2018-08-21,3326.6489
399300.SZ,2018-08-22,3307.9545
399300.SZ,2018-08-23,3320.0257
399300.SZ,2018-08-24,3325.3347
399300.SZ,2018-08-27,3406.5735
399300.SZ,2018-08-28,3400.1705
399300.SZ,2018-08-29,3386.5736
399300.SZ,2018-08-30,3351.0942
399300.SZ,2018-08-31,3334.5036
399300.SZ,2018-09-03,3321.8248
399300.SZ,2018-09-04,3363.8984
399300.SZ,2018-09-05,3298.1412
399300.SZ,2018-09-06,3262.8808
399300.SZ,2018-09-07,3277.6438
399300.SZ,2018-09-10,3230.0681
399300.SZ,2018-09-11,3224.2116
399300.SZ,2018-09-12,3202.0248
399300.SZ,2018-09-13,3236.5662
399300.SZ,2018-09-14,3242.0902
399300.SZ,2018-09-17,3204.9224
399300.SZ,2018-09-18,3269.4319
399300.SZ,2018-09-19,3312.4823
399300.SZ,2018-09-20,3310.1258
399300.SZ,2018-09-21,3410.4856
399300.SZ,2018-09-25,3379.8043
399300.SZ,2018-09-26,3417.2413
399300.SZ,2018-09-27,3403.5902
399300.SZ,2018-09-28,3438.8649
399300.SZ,2018-10-08,3290.8988
399300.SZ,2018-10-09,3288.6906
399300.SZ,2018-10-10,3281.5978
399300.SZ,2018-10-11,3124.1139
399300.SZ,2018-10-12,3170.7262
399300.SZ,2018-10-15,3126.4516
399300.SZ,2018-10-16,3100.9738
399300.SZ,2018-10-17,3118.2463
399300.SZ,2018-10-18,3044.3918
399300.SZ,2018-10-19,3134.9455
399300.SZ,2018-10-22,3270.2732
399300.SZ,2018-10-23,3183.4257
399300.SZ,2018-10-24,3188.2018
399300.SZ,2018-10-25,3194.3084
399300.SZ,2018-10-26,3173.635
399300.SZ,2018-10-29,3076.8889
399300.SZ,2018-10-30,3110.2605
399300.SZ,2018-10-31,3153.8234
399300.SZ,2018-11-01,3177.0338
399300.SZ,2018-11-02,3290.2455
399300.SZ,2018-11-05,3262.8351
399300.SZ,2018-11-06,3243.1504
399300.SZ,2018-11-07,3221.9101
399300.SZ,2018-11-08,3212.7737
399300.SZ,2018-11-09,3167.4442
399300.SZ,2018-11-12,3205.1407
399300.SZ,2018-11-13,3237.3823
399300.SZ,2018-11-14,3204.9427
399300.SZ,2018-11-15,3242.3715
399300.SZ,2018-11-16,3257.6735
399300.SZ,2018-11-19,3294.6031
399300.SZ,2018-11-20,3218.4076
399300.SZ,2018-11-21,3226.4918
399300.SZ,2018-11-22,3214.4273
399300.SZ,2018-11-23,3143.4752
399300.SZ,2018-11-26,3141.2434
399300.SZ,2018-11-27,3137.2413
399300.SZ,2018-11-28,3178.9326
399300.SZ,2018-11-29,3137.6542
399300.SZ,2018-11-30,3172.69
399300.SZ,2018-12-03,3260.9502
399300.SZ,2018-12-04,3267.7095
399300.SZ,2018-12-05,3252.0041
399300.SZ,2018-12-06,3181.673
399300.SZ,2018-12-07,3181.5646
399300.SZ,2018-12-10,3144.7631
399300.SZ,2018-12-11,3159.8158
399300.SZ,2018-12-12,3170.6092
399300.SZ,2018-12-13,3219.6924
399300.SZ,2018-12-14,3165.9109
399300.SZ,2018-12-17,3161.1966
399300.SZ,2018-12-18,3128.4265
399300.SZ,2018-12-19,3091.1255
399300.SZ,2018-12-20,3067.4169
399300.SZ,2018-12-21,3029.3951
399300.SZ,2018-12-24,3038.1981
399300.SZ,2018-12-25,3017.2815
399300.SZ,2018-12-26,3002.0327
399300.SZ,2018-12-27,2990.5057
399300.SZ,2018-12-28,3010.6536
399300.SZ,2019-01-02,2969.5353
399300.SZ,2019-01-03,2964.8421
399300.SZ,2019-01-04,3035.8741
399300.SZ,2019-01-07,3054.303
399300.SZ,2019-01-08,3047.7035
399300.SZ,2019-01-09,3078.4759
399300.SZ,2019-01-10,3072.6864
399300.SZ,2019-01-11,3094.7782
399300.SZ,2019-01-14,3067.7845
399300.SZ,2019-01-15,3127.9904
399300.SZ,2019-01-16,3128.6517
399300.SZ,2019-01-17,3111.4168
399300.SZ,2019-01-18,3168.1739
399300.SZ,2019-01-21,3185.6364
399300.SZ,2019-01-22,3143.3171
399300.SZ,2019-01-23,3141.0532
399300.SZ,2019-01-24,3158.7817
399300.SZ,2019-01-25,3184.4696
399300.SZ,2019-01-28,3183.7777
399300.SZ,2019-01-29,3193.9698
399300.SZ,2019-01-30,3168.4829
399300.SZ,2019-01-31,3201.6331
399300.SZ,2019-02-01,3247.3971
399300.SZ,2019-02-11,3306.4725
399300.SZ,2019-02-12,3330.3353
399300.SZ,2019-02-13,3397.0276
399300.SZ,2019-02-14,3402.1403
399300.SZ,2019-02-15,3338.7047
399300.SZ,2019-02-18,3445.7448
399300.SZ,2019-02-19,3439.6078
399300.SZ,2019-02-20,3451.9273
399300.SZ,2019-02-21,3442.7056
399300.SZ,2019-02-22,3520.1182
399300.SZ,2019-02-25,3729.4831
399300.SZ,2019-02-26,3684.6935
399300.SZ,2019-02-27,3678.3921
399300.SZ,2019-02-28,3669.3703
399300.SZ,2019-03-01,3749.7143
399300.SZ,2019-03-04,3794.104
399300.SZ,2019-03-05,3816.0132
399300.SZ,2019-03-06,3848.0903
399300.SZ,2019-03-07,3808.8497
399300.SZ,2019-03-08,3657.579
399300.SZ,2019-03-11,3729.9546
399300.SZ,2019-03-12,3755.3519
399300.SZ,2019-03-13,3724.1941
399300.SZ,2019-03-14,3698.4858
399300.SZ,2019-03-15,3745.005
399300.SZ,2019-03-18,3851.7479
399300.SZ,2019-03-19,3833.9626
399300.SZ,2019-03-20,3835.4397
399300.SZ,2019-03-21,3836.8913
399300.SZ,2019-03-22,3833.8013
399300.SZ,2019-03-25,3742.8252
399300.SZ,2019-03-26,3700.4388
399300.SZ,2019-03-27,3743.3878
399300.SZ,2019-03-28,3728.3953
399300.SZ,2019-03-29,3872.3412
399300.SZ,2019-04-01,3973.928
399300.SZ,2019-04-02,3971.2852
399300.SZ,2019-04-03,4022.1566
399300.SZ,2019-04-04,4062.2309
399300.SZ,2019-04-08,4057.2286
399300.SZ,2019-04-09,4075.4301
399300.SZ,2019-04-10,4085.847
399300.SZ,2019-04-11,3997.5778
399300.SZ,2019-04-12,3988.6168
399300.SZ,2019-04-15,3975.5244
399300.SZ,2019-04-16,4085.7891
399300.SZ,2019-04-17,4087.2398
399300.SZ,2019-04-18,4072.0753
399300.SZ,2019-04-19,4120.6078
399300.SZ,2019-04-22,4025.6109
399300.SZ,2019-04-23,4019.0053
399300.SZ,2019-04-24,4030.0887
399300.SZ,2019-04-25,3941.816
399300.SZ,2019-04-26,3889.2748
399300.SZ,2019-04-29,3900.3339
399300.SZ,2019-04-30,3913.211
399300.SZ,2019-05-06,3684.6168
399300.SZ,2019-05-07,3720.6684
399300.SZ,2019-05-08,3667.4574
399300.SZ,2019-05-09,3599.7001
399300.SZ,2019-05-10,3730.4513
399300.SZ,2019-05-13,3668.7255
399300.SZ,2019-05-14,3645.1503
399300.SZ,2019-05-15,3727.0923
399300.SZ,2019-05-16,3743.9635
399300.SZ,2019-05-17,3648.7609
399300.SZ,2019-05-20,3617.7924
399300.SZ,2019-05-21,3666.7762
399300.SZ,2019-05-22,3649.3796
399300.SZ,2019-05-23,3583.9646
399300.SZ,2019-05-24,3593.9139
399300.SZ,2019-05-27,3637.1971
399300.SZ,2019-05-28,3672.2605
399300.SZ,2019-05-29,3663.909
399300.SZ,2019-05-30,3641.1833
399300.SZ,2019-05-31,3629.7893
399300.SZ,2019-06-03,3632.0127
399300.SZ,2019-06-04,3598.4666
399300.SZ,2019-06-05,3597.105
399300.SZ,2019-06-06,3564.6778
399300.SZ,2019-06-10,3610.7435
399300.SZ,2019-06-11,3719.2759
399300.SZ,2019-06-12,3691.0957
399300.SZ,2019-06-13,3685.3933
399300.SZ,2019-06-14,3654.8799
399300.SZ,2019-06-17,3654.8248
399300.SZ,2019-06-18,3667.6185
399300.SZ,2019-06-19,3715.9381
399300.SZ,2019-06-20,3828.5183
399300.SZ,2019-06-21,3833.9383
399300.SZ,2019-06-24,3841.2659
399300.SZ,2019-06-25,3801.3098
399300.SZ,2019-06-26,3794.331
399300.SZ,2019-06-27,3834.8172
399300.SZ,2019-06-28,3825.5873
